filename,scene,laplacian_global,laplacian_subject,face_region_lap_var,mean_luma,highlight_clip_pct,shadow_clip_pct,laion_aes,clipiqa,scene_confidence,face_count,face_max_blink,face_min_ear,horizon_tilt_deg,rule_of_thirds_offset,composition_score,subject_fraction,score_sharpness,score_composition,score_exposure,score_aesthetic,score_moment,score_final,gt_scene,manual_label,notes
img_69a854dbf2.jpg,abstract,96.70636803827284,687.1467684819364,,39.96661980597528,0.0003219436813186,0.0,5.250566482543945,0.6770609021186829,0.7623290419578552,1.0,0.0,1.0,-8.989248540601558,0.0689510189220535,1.0,0.0849316048534798,1.0,1.0,0.699983902815934,0.5707137712410518,0.5,0.7826752233734497,architecture,keep,
img_ebfa57fe83.jpg,landscape,40.43901026311396,154.8540829960421,,88.94136225103021,0.0,0.2413146749084249,5.726413249969482,0.7746184468269348,0.6577270030975342,0.0,,,,0.0881800664027346,0.6807527849347419,0.142886475503663,1.0,0.6807527849347419,0.9879342662545788,0.6534815984112876,0.5,0.7971078098406861,architecture,keep,
img_3932cdfedd.jpg,landscape,40.43901026311396,154.8540829960421,,88.94136225103021,0.0,0.2413146749084249,5.726413249969482,0.7746184468269348,0.6577270030975342,0.0,,,,0.0881800664027346,0.6807527849347419,0.142886475503663,1.0,0.6807527849347419,0.9879342662545788,0.6534815984112876,0.5,0.7971078098406861,architecture,keep,
img_067a5d543d.jpg,fashion,70.30829412714213,237.3659034387478,79.14461660784495,119.86903259500916,2.7802340888278385,0.0328024839743589,4.969396591186523,0.4276710450649261,0.7477806210517883,1.0,0.093975618481636,0.3106072810545428,,0.0903133617434757,0.9393331662148487,0.1716732486263736,1.0,0.9393331662148487,0.8593481713598902,0.4259352790457862,0.5,0.7662200872763943,街拍,keep,
img_15d86e5eed.jpg,street,275.04096504141717,4496.221463298787,,118.499074948489,0.0090859661172161,0.0048649267399267,4.826481342315674,0.4912467896938324,0.7223135232925415,0.0,,,-0.9655677874009164,0.0681931023393633,1.0,0.0325907165750915,1.0,1.0,0.9993024553571428,0.4475149192980358,0.5,0.8117392208959375,街拍,keep,
img_b373da262b.jpg,portrait,806.5242677198067,1552.123319829711,504.22891324697264,103.6950216775412,0.0235018887362637,0.1653359661172161,5.441431999206543,0.4933899044990539,0.5749450325965881,1.0,0.113826997578144,0.334228232257717,11.472473256461477,0.0861045187908186,0.9640910659363612,0.5061695140796704,1.0,0.9640910659363612,0.990558107257326,0.4925115236214229,0.5,0.8151809870008797,街拍,keep,
img_a0d6ff6512.jpg,portrait,491.27871143792544,1238.4795993273517,,90.60652794471154,0.0093721382783882,0.1015553456959707,5.000854015350342,0.5660069584846497,0.5181567668914795,1.0,0.3478430807590484,0.2848334964572414,4.490451921116328,0.088965010872315,0.9472646419275584,0.3451239840888278,1.0,0.9472646419275584,0.994453625801282,0.4973501946244921,0.5,0.8130786730082173,街拍,keep,
img_ff2f67a235.jpg,architecture,629.5977440772468,357.0140190516288,,114.4381864554716,0.0132354624542124,0.0210336538461538,4.872989654541016,0.2714402675628662,0.3507573306560516,0.0,,,6.905777644150988,0.0932235943249274,0.6745390017628762,0.1906436011904762,1.0,0.6745390017628762,0.9982865441849816,0.3409336805343628,0.5,0.7197985293231622,街拍,keep,
img_4e433ee889.jpg,portrait,891.3299527293195,3653.196398937732,,83.80375100160256,0.0290464743589743,0.0085136217948717,5.0976691246032715,0.5920955538749695,0.5422982573509216,0.0,,,-1.1017061152063747,0.0378538182571488,1.0,0.2317522321428571,1.0,1.0,0.9981219951923076,0.5173098572662899,0.5,0.8263553847650905,街拍,cull,整体欠曝
img_7d55ecda31.jpg,fashion,1017.3600794431044,2710.168121087749,,77.02263872195513,0.0091217376373626,0.01788576007326,5.126338481903076,0.4050634801387787,0.7598565816879272,1.0,0.1755458861589431,0.3096306045682403,-1.2581087628167809,0.1366681456243157,0.6666579669157895,0.3577109088827839,1.0,0.6666579669157895,0.9986496251144688,0.4258416316338947,0.5,0.7395219263145254,街拍,cull,轻微过曝
img_fc9f48e62b.jpg,portrait,876.8633711173242,2115.7918256339876,444.890416269156,102.19704813415753,0.0075120192307692,0.9572101076007328,5.162250518798828,0.517983078956604,0.5569747090339661,2.0,0.1254547238349914,0.3230682646277386,-13.507838875272997,0.1037170312313121,0.8604880515805169,0.4007708762591575,1.0,0.8604880515805169,0.951763893658425,0.4848665765353611,0.5,0.7859370467013245,architecture,cull,整体欠曝
img_c82e94c6bc.jpg,fashion,502.3310589783002,997.7046810527102,732.574533636234,75.65493897378663,0.069253663003663,2.504471440018315,5.080918312072754,0.4494598507881164,0.5978491902351379,1.0,0.1173570156097412,0.3202743040998932,,0.1075118661002683,0.838165493527833,0.3706720037774725,1.0,0.838165493527833,0.8713137448489011,0.4447955191135406,0.5,0.753094727453732,architecture,,
img_de586cde9d.jpg,fashion,425.2384824956566,658.3733878068988,594.5776160062655,66.2381589114011,0.4826651213369963,0.1649424793956043,5.289525985717773,0.5929663777351379,0.6237587928771973,1.0,0.2348189949989318,0.3196890347401393,-3.0355691250555665,0.0364126699316597,1.0,0.4904171674679487,1.0,1.0,0.96761961996337,0.5314493307045528,0.5,0.8263862566688123,portrait,keep,
img_f979c86738.jpg,portrait,635.5477642773371,897.1467789100683,746.2320193569095,77.3126928084936,0.1752446771978022,3.375829899267399,5.476654052734375,0.5475174784660339,0.6153280735015869,1.0,0.1269490420818328,0.3021040634149463,7.895765094293781,0.0964918219016471,0.9029892829314874,0.6286161429716117,1.0,0.9029892829314874,0.82244627117674,0.5220911715711867,0.5,0.7722962279787642,architecture,,
img_92b870633b.jpg,street,61.61777840036387,9.441858833061575,,111.20941291781136,2.4920587225274726,0.0116615155677655,5.144176959991455,0.4380975663661957,0.3452147543430328,0.0,,,1.1489861891114683,0.175236690804655,0.7759136686949293,0.2640220781822344,0.3147286277687192,0.7759136686949293,0.8748139880952381,0.4436328517539161,0.5,0.5697359012386923,portrait,keep,
img_eee83467ab.jpg,portrait,470.2029191675311,1148.6078774356265,710.5507681929219,151.63358051453756,0.0082632211538461,0.3695913461538461,5.024534225463867,0.5346981883049011,0.5776315331459045,1.0,0.1268872171640396,0.31311600832677,9.00963363424928,0.0616601579318957,1.0,0.3749488467261905,1.0,1.0,0.9811072716346154,0.4833872531141553,0.5,0.8195601796383386,landscape,keep,
img_c13dba6a78.jpg,fashion,998.6364774531696,1754.101972029001,778.506483394327,112.42315418956044,0.0109460851648351,0.0974773923992673,5.032186031341553,0.4999612867832184,0.7070903182029724,1.0,0.4567078948020935,0.330921021981622,2.1861614538586327,0.0676244220841382,1.0,0.3252092633928571,1.0,1.0,0.9945788261217948,0.4665653599160058,0.5,0.8155571052033604,landscape,keep,
img_dae169a275.jpg,fashion,1310.0281413914802,2232.6424025919055,927.598387720996,84.00560468177656,0.0168483859890109,0.3728465544871795,5.196187973022461,0.5671986937522888,0.5986254811286926,1.0,0.2404437810182571,0.2577809310392396,-0.9674661547763848,0.0818178879570456,0.9893065414291432,0.4503140739468864,1.0,0.9893065414291432,0.9805152529761904,0.5118984878063202,0.5,0.8219389808326468,portrait,keep,
img_963604321e.jpg,fashion,417.95780159990466,925.3201719160556,687.0430998841352,133.11903867616758,0.0554458562271062,0.0182077037545787,5.1751203536987305,0.4803025722503662,0.681821882724762,1.0,0.1922180354595184,0.2929020982174363,-7.50734666694966,0.0611677842530808,1.0,0.410083991529304,1.0,1.0,0.9963173220009158,0.4669455971036638,0.5,0.8159998636760991,portrait,keep,
img_983f9070ec.jpg,fashion,232.328907276309,703.105467973226,,94.1461660084707,4.425974416208791,0.5255909455128206,5.0667572021484375,0.5264583826065063,0.945072054862976,0.0,,,6.779567945149955,0.0921864817767395,0.9283148130780025,0.306640625,1.0,0.9283148130780025,0.7524217319139194,0.4822832771709987,0.5,0.756718128291134,landscape,keep,
img_1bfb955282.jpg,fashion,1116.4771334942911,2782.420440217829,,72.49236278044872,0.2368432348901098,0.097727793040293,5.4317779541015625,0.4983011186122894,0.9028722643852234,0.0,,,1.0050860052541812,0.0936494870704349,0.9197088995856768,0.3850238953754579,1.0,0.9197088995856768,0.98327144860348,0.4942775560276848,0.5,0.8041654586447526,landscape,keep,
img_e591601a61.jpg,portrait,489.29083852901664,824.3732866447374,520.5498336496,101.7423824547848,0.0109460851648351,0.1963141025641025,5.2877631187438965,0.4391916394233703,0.6789024472236633,1.0,0.1274565011262893,0.3128222767300095,10.37971024956776,0.0813247179392464,0.9922075415338448,0.5829452123397436,1.0,0.9922075415338448,0.989636990613553,0.4544360424791063,0.5,0.8168125106773902,portrait,keep,'burst best'
img_b736e001f6.jpg,portrait,353.23992564558466,809.9528940850661,,124.35376745650184,0.0095867673992674,0.0344837454212454,5.1704816818237305,0.5236882567405701,0.6943591833114624,1.0,0.3708162307739258,0.3224357157343623,,0.047706535881962,1.0,0.4199347527472527,1.0,1.0,0.9977964743589745,0.4883071056434086,0.5,0.8233900054361357,portrait,keep,'burst best'
img_caa70cf82a.jpg,fashion,253.8025293705145,695.2906822390265,,163.9166294642857,0.0006081158424908,0.0345910599816849,5.545960903167725,0.4178037643432617,0.7064024209976196,1.0,0.7480485439300537,0.0528881597068183,,0.0869991172479655,0.9588287220707908,0.3484714829441392,1.0,0.9588287220707908,0.9982400412087912,0.4621848038264683,0.5,0.8069599536125335,portrait,keep,
img_93863ccd10.jpg,wildlife,17.442247595490507,1031.7583073600265,,154.1931336567079,0.0,0.0068681318681318,4.659667015075684,0.525550901889801,0.9927610158920288,0.0,,,,0.1207479696650178,0.7603060607940126,0.0116869133470695,1.0,0.7603060607940126,0.9996565934065934,0.4527516663074493,0.5,0.8353001708402371,portrait,cull,人像美姿一般
img_e05cc0b553.jpg,wildlife,22.638413244292696,833.9943767846054,,148.26919642857143,0.0,0.0006796588827838,4.517006874084473,0.5553716421127319,0.9377343654632568,0.0,,,,0.1314330612034057,0.6974525811564369,0.0189868074633699,1.0,0.6974525811564369,0.9999660170558607,0.457472026348114,0.5,0.8201052504822998,portrait,keep,
img_cac5329f89.jpg,portrait,244.74119140595525,385.1460239817871,337.3384650287277,123.09151606856685,0.002754407051282,0.3460536858974359,5.26251745223999,0.511268675327301,0.6682276725769043,1.0,0.110057033598423,0.3350017117203474,10.455297188239664,0.089072912050182,0.9466299291165762,0.5465784540979853,1.0,0.9466299291165762,0.982559595352564,0.4886712985379355,0.5,0.8097050347476217,portrait,keep,
img_d60ac9e5b0.jpg,portrait,301.134491591496,491.8467519451742,412.2285511682559,105.78102213541666,0.0033625228937728,1.4350818452380951,5.660541534423828,0.57603919506073,0.7080228924751282,1.0,0.1007254049181938,0.307354994184613,-1.8039951162005907,0.0865995100069037,0.9611793529005662,0.2666841947115385,1.0,0.9611793529005662,0.9280777815934066,0.5494868499892098,0.5,0.8078001118977156,architecture,cull,没有突出主题
img_dff68d0293.jpg,fashion,212.0104938661418,914.052316652928,432.0693892386383,103.39541945684525,0.0141655219780219,0.182112809065934,5.263448715209961,0.5738926529884338,0.4736320972442627,1.0,0.0705414116382598,0.4470434551233177,-7.804098591943906,0.1277160382505377,0.7193174220556604,0.2169070512820513,1.0,0.7193174220556604,0.9901860834478022,0.5200498061520713,0.5,0.7719131526387104,architecture,cull,没有突出主题
img_aad274ebdc.jpg,fashion,234.65191296669752,511.35918022201093,455.9798769974619,104.92922390109892,0.2333733974358974,0.0904661744505494,5.406931400299072,0.5504578351974487,0.5772383809089661,2.0,0.0931065455079078,0.3639308175152999,2.4059705166453,0.1049560178865448,0.8531998947850301,0.387310053228022,1.0,0.8531998947850301,0.9838080214056776,0.5185811604772295,0.5,0.797046873357449,architecture,cull,没有突出主题
img_4dc8afb1fe.jpg,fashion,727.7537168272648,2380.718429499386,,119.5363757011218,0.0061169299450549,0.1792510874542124,5.017233371734619,0.5211398005485535,0.8673888444900513,1.0,0.3178823590278625,0.2079825204997304,-0.4658090827649937,0.0368073570514577,1.0,0.2796420701694139,1.0,1.0,0.9907315991300366,0.4760865696838924,0.5,0.8171679622469804,architecture,maybe,普通建筑
img_0a227cc74a.jpg,fashion,1494.7432795492764,4557.769413439339,,96.3902293669872,0.0233945741758241,0.142084478021978,5.739947319030762,0.5925806760787964,0.8402581214904785,0.0,,,0.4497298851278229,0.0985206000385943,0.8910552938906214,0.1707145718864469,1.0,0.8910552938906214,0.99172604739011,0.5634294322558812,0.5,0.8174136263201166,architecture,maybe,普通建筑
img_1bd9a4d8d2.jpg,fashion,969.4588399305436,2377.0403188862715,,88.0544703668727,0.0040779532967032,0.2328010531135531,5.249659538269043,0.5396826267242432,0.7249269485473633,1.0,0.1085467636585235,0.3463521052334852,-1.876492592245916,0.0537080728160253,1.0,0.2426546760531135,1.0,1.0,0.9881560496794872,0.5019598518099104,0.5,0.823121172888375,architecture,maybe,普通建筑
img_45800045dd.jpg,landscape,76.38815497652354,530.5028911523121,,73.87251316391941,3.577152014652015e-05,8.127825950091575,5.264983177185059,0.7722821235656738,0.5580459237098694,1.0,0.0,1.0,-1.4763685098130983,0.1045134521115115,0.9423212891493846,0.0903481284340659,1.0,0.9423212891493846,0.593606913919414,0.6193541458674839,0.5,0.7620241770806307,architecture,maybe,
img_8c414df8b5.jpg,landscape,166.81663517362483,30.079026671118022,,85.77078039148351,0.0081559065934065,0.3405091002747252,5.768606185913086,0.7200127840042114,0.9688387513160706,0.0,,,-1.7837436012565813,0.1048612595654374,0.9415029186695588,0.0320591517857142,1.0,0.9415029186695588,0.9825667496565934,0.6291925481387547,0.5,0.8421120706999191,stilllife,maybe,
img_dec25a818f.jpg,landscape,60.809991694355425,632.2434984359993,,68.84709249084248,0.0197816506410256,3.577152014652015e-05,5.387229919433594,0.6074678301811218,0.8069438934326172,0.0,,,,0.1584690441408318,0.5153669549627485,0.0453504178113553,1.0,0.5153669549627485,0.9990091288919414,0.5456789093358176,0.5,0.7392949441048924,stilllife,keep,色调和光影还可以提升
img_3ef3b7addf.jpg,abstract,39.00148485355044,407.7780313263888,,48.01013621794872,0.0483988667582417,0.5907308836996337,5.193116664886475,0.7324477434158325,0.4164639711380005,1.0,0.0,1.0,12.127091034930103,0.1348161003398146,0.677552350942267,0.0686813186813186,1.0,0.677552350942267,0.9680435124771064,0.5943036334855216,0.5,0.7776950810552551,stilllife,keep,
img_0b63509034.jpg,landscape,7.459743062915077,45.69440148276385,,49.96663733402015,0.0,0.0056519001831501,5.783535957336426,0.7108649015426636,0.6435796022415161,2.0,0.0,1.0,,0.1166305193127397,0.6138105427935535,0.0806211366758241,1.0,0.6138105427935535,0.9997174049908424,0.6256850191525051,0.5,0.7791268443450055,stilllife,maybe,色调和光影还可以提升
img_9dddd65346.jpg,landscape,14.865261183472434,55.481649119567095,,63.160962540064105,0.0,0.0,5.565929889678955,0.678556501865387,0.6758155822753906,3.0,0.0,1.0,13.077417690133426,0.1290888454726236,0.2844968341820621,0.1918151184752747,1.0,0.2844968341820621,1.0,0.5939875287669045,0.5,0.7053962490281386,stilllife,maybe,色调和光影还可以提升
img_8a01b5272d.jpg,event,1076.4849073197731,341.1479172239843,,102.06480547447345,0.4850975847069597,0.0493646978021978,5.291196346282959,0.6877164840698242,0.9892476201057434,0.0,,,-7.556344056439461,0.0711849904899675,1.0,0.284955571771978,1.0,1.0,0.973276885874542,0.5789436953408378,0.5,0.7538859024152651,event,keep,
img_ca24f2aa55.jpg,event,538.8268611748665,1752.9368127813582,,132.06123762305404,0.1307806776556776,0.1363968063186813,5.527040481567383,0.6467338800430298,0.966507077217102,0.0,,,-6.030103228104359,0.1312382674981889,0.6985984264812415,0.1103887648809523,1.0,0.6985984264812415,0.986641125801282,0.5752984029906136,0.5,0.7103157731414399,event,keep,
img_041fb68fa2.jpg,event,676.4531937114857,1102.7336125915735,,134.4071782709478,0.4395962110805861,0.1836867559523809,4.972504138946533,0.7782942056655884,0.995926022529602,0.0,,,-2.0333156694143883,0.1104496582300005,0.8208843633529381,0.0831011761675824,1.0,0.8208843633529381,0.9688358516483516,0.6014688270432609,0.5,0.7286049149545195,event,cull,"补光不均匀,环境过暗"
img_7b74df33b5.jpg,event,868.9160003216562,900.7472721758736,,100.56976519574177,1.9766984317765568,7.15430402930403e-05,5.020101547241211,0.7082679271697998,0.9895735383033752,0.0,,,-4.316027519865624,0.1338922471711355,0.6829867813462613,0.046448245764652,1.0,0.6829867813462613,0.9011615012591576,0.5698555026735579,0.5,0.6946077926581686,event,keep,
img_c575a466c5.jpg,event,1309.0673237087617,2908.9274297881175,,163.60663382841116,0.0971912202380952,0.0561612866300366,5.704658508300781,0.6763346791267395,0.6964288949966431,0.0,,,-2.059854256730818,0.0532690651550076,1.0,0.0607411143543956,1.0,1.0,0.9923323746565934,0.6027858044419969,0.5,0.7591284366426887,architecture,keep,'burst best'
img_e9c13d5e7c.jpg,event,772.6109539472807,1011.0388016228252,,102.38664041037087,0.0138793498168498,0.0806647779304029,5.339583396911621,0.6501299142837524,0.9591506719589232,0.0,,,-3.033423563560497,0.0993658880461537,0.886083011493213,0.2376938816391941,1.0,0.886083011493213,0.9952727936126372,0.5636066283498491,0.5,0.7385640336008624,event,keep,
img_479877bb58.jpg,event,593.5649666116951,1697.031829414486,,135.45973414606226,0.0113395718864468,0.2192436469780219,5.162820816040039,0.7135957479476929,0.991085946559906,0.0,,,-8.640422649906462,0.0903617590002719,0.9390484764689886,0.068620864812271,1.0,0.9390484764689886,0.9884708390567766,0.582713646548135,0.5,0.7473992619836782,event,keep,
img_b114a1273f.jpg,event,751.7525763897343,1692.0664624418505,,145.9630118904533,0.1724902701465201,0.0120192307692307,5.363363265991211,0.6611510515213013,0.9023634791374208,0.0,,,-10.199329498712506,0.1178718367658197,0.7772244896128253,0.0658092233287545,1.0,0.7772244896128253,0.9907745249542124,0.5708157590457371,0.5,0.7222814280896294,event,keep,
img_6998877b67.jpg,event,466.7992709162018,717.7574351141408,,134.67461796016482,0.0363080929487179,0.1674464858058608,5.144215106964111,0.665655791759491,0.9797796607017516,0.0,,,-3.305830231549703,0.0845357665866644,0.9733190200784446,0.0410986149267399,1.0,0.9733190200784446,0.9898122710622712,0.5574146892343248,0.5,0.7502111625945398,event,keep,
img_5b341f53ae.jpg,event,819.1570449219533,4760.639329505627,,161.68417395614995,0.3369215058117378,0.0151099228277439,5.496751308441162,0.5402776002883911,0.8547725677490234,0.0,,,2.917890771786359,0.1016025390225058,0.872926241044083,0.1063463164538872,1.0,0.872926241044083,0.982398428568026,0.5199067507471358,0.5,0.73028937551653,event,keep,"'burst best',突出了活动的精彩瞬间"
img_3f3464c232.jpg,event,475.2295594383776,1883.0202516471911,,143.93806697859432,0.2494705815018315,0.4301883012820513,4.996769905090332,0.4778527617454529,0.6544974446296692,0.0,,,5.000644597558433,0.0751596262912434,1.0,0.1057635073260073,1.0,1.0,0.966017055860806,0.4529813740934644,0.5,0.7402006957884674,event,maybe,
img_1c7c400845.jpg,event,785.9605258680433,1403.2513758235068,,137.6023673592033,0.0450005723443223,0.3479495764652014,5.747888565063477,0.6579641103744507,0.8822764754295349,0.0,,,6.749209208914168,0.1002668377719548,0.880783307223795,0.1446864983974359,1.0,0.880783307223795,0.9803524925595238,0.596688381263188,0.5,0.7388392080938166,event,keep,
img_21d1d70c6f.jpg,event,939.3469406012946,2579.7081869189483,,161.15664670615843,1.02374513507326,0.5175423534798534,5.569046974182129,0.6432653665542603,0.974445104598999,0.0,,,9.146167595300088,0.0469498095104029,1.0,0.0502321571657509,1.0,1.0,0.9229356255723444,0.576564610004425,0.5,0.7460968048362941,event,keep,
img_4aba03c5ae.jpg,event,944.630132435135,1019.395778141528,,132.91229002117674,2.18267084478022,0.0487565819597069,5.173247337341309,0.5634695291519165,0.9952538013458252,0.0,,,-4.011960176825556,0.05005919403095,1.0,0.1391029218177655,1.0,1.0,0.8884286286630036,0.508395288671766,0.5,0.7341038231666271,event,keep,
img_2ea08eecc1.jpg,event,750.1915994330684,1286.7367607374874,,173.0947981055403,19.114154075091573,0.0314789377289377,5.037758827209473,0.5713102221488953,0.4979456067085266,0.0,,,6.0284301758560535,0.0749693776561872,1.0,0.4219354538690476,1.0,1.0,0.4984260531135531,0.5026378844465529,0.5,0.6750276964116882,event,keep,
img_66844d3aba.jpg,event,409.55153471611135,1462.4514861058888,,154.500046145261,0.0607758127289377,0.2445698832417582,5.392624855041504,0.5475702285766602,0.889169454574585,0.0,,,-7.738026245238949,0.0707463407781856,1.0,0.0989443824404762,1.0,1.0,0.9847327152014652,0.5161154610770089,0.5,0.7493214533879207,event,keep,
img_f9c5947f0e.jpg,event,747.0929678255743,1362.8994324116425,,145.7701522435897,0.1029146634615384,3.577152014652015e-05,4.727533340454102,0.5431873202323914,0.9221622943878174,0.0,,,5.142764557884242,0.0966821825901368,0.9018695141756656,0.0839296445741758,1.0,0.9018695141756656,0.9948524782509158,0.4664174701486315,0.5,0.7311500458788504,event,keep,
img_cc1ce9fbab.jpg,portrait,326.9911007598867,576.3448425377674,,82.19159619677198,0.2749399038461538,0.0,4.80814790725708,0.375847727060318,0.8834307789802551,0.0,,,,0.1167608033576589,0.7837599802490653,0.0855779962225274,1.0,0.7837599802490653,0.9862530048076924,0.3885058569056647,0.5,0.767853182701918,portrait,maybe,普通人像
img_8b76cd91b8.jpg,portrait,633.3282501293731,2510.2693226939746,428.6596145373696,152.14444897550365,0.3456601991758241,0.0023966918498168,5.102838516235352,0.3900240957736969,0.8483714461326599,1.0,0.0428095497190952,0.3607520437097208,,0.0989748651162821,0.8883831463748111,0.2163035857371794,1.0,0.8883831463748111,0.982597155448718,0.4166433704750878,0.5,0.7908603974122146,portrait,cull,闭眼、曝光不足
img_0ea80db8c6.jpg,portrait,102.31290958326068,543.0867110626441,,222.5185983287546,34.218893086080584,0.0,4.304319858551025,0.2937977612018585,0.5582315325737,0.0,,,,0.0455530063787316,1.0,0.1631735777243589,1.0,1.0,0.2,0.3114931562117168,0.5,0.6461493156211717,portrait,cull,过曝光
img_02f7083f7b.jpg,fashion,853.1081943402111,2356.8300586349915,982.6181521732776,57.82005387190934,0.0348414606227106,0.4535828754578755,5.1347975730896,0.533479630947113,0.6719440817832947,1.0,0.0547376796603202,0.4165593193251362,-2.8221552998118,0.1302457662794602,0.7044366689443515,0.1382390396062271,1.0,0.7044366689443515,0.9755787831959708,0.4906539278370994,0.5,0.7586665723873393,portrait,keep,轻微曝光不足
img_809c49f33a.jpg,portrait,353.8273154410425,1305.9554076907857,577.6051649152471,100.85535964686356,1.2130837912087913,0.0029332646520146,5.017671585083008,0.43487149477005,0.921718418598175,1.0,0.0578785203397274,0.3960629732562578,-1.709814044141531,0.0681325061691665,1.0,0.1098074776785714,1.0,1.0,0.9391991472069596,0.432983717748097,0.5,0.8061382012162017,portrait,keep,"人像写真,不错'peak pose"
img_36b41a94d6.jpg,fashion,819.6193950504022,1932.6296322457315,660.4822170669629,139.38731541895604,0.1079584478021978,0.002754407051282,4.971776962280273,0.4821359515190124,0.6087436079978943,1.0,0.2210352569818496,0.2635841309564304,-2.777362001619414,0.1204494810343756,0.7620618762683784,0.3182402558379121,1.0,0.7620618762683784,0.994464357257326,0.4533377587795257,0.5,0.7646396864000223,portrait,cull,面部轻微欠曝
img_7904c0f3f5.jpg,portrait,872.9991500364349,2763.1220004388356,,58.64332396119506,0.3837568681318681,1.2525040064102564,4.793458461761475,0.4506926536560058,0.5907591581344604,0.0,,,1.4782726566888706,0.049146819262804,1.0,0.1193427340888278,1.0,1.0,0.9181869562728938,0.4248790740966797,0.5,0.8011252986642468,portrait,keep,"人像写真,不错'peak pose"
img_61fc69b8ca.jpg,portrait,2244.5383633564443,3917.1147664829023,,113.68376259157507,0.1746365613553113,0.7496995192307693,5.1578450202941895,0.6951990127563477,0.518378496170044,2.0,0.0,1.0,-4.2532319142193025,0.0994358699578328,0.8856713531892185,0.2440562042124542,1.0,0.8856713531892185,0.953783195970696,0.573159864970616,0.5,0.8002068963290445,portrait,keep,标签应该是活动摄影
img_37838d3405.jpg,stilllife,33.28129071825746,80.78990225445239,,116.87301289205584,0.0964042467948718,0.0,4.627429485321045,0.5216490030288696,0.523320198059082,0.0,,,,0.1404588631642151,0.6443596284457933,0.3411715888278388,1.0,0.6443596284457933,0.9951797876602564,0.4484980361802237,0.5,0.8395277372578133,event,maybe,"标签应该是活动摄影,环境稍微有点杂乱"
img_952d357f08.jpg,street,49.616898615848555,191.00716136467088,,116.42987923534798,0.4187414148351648,0.0168126144688644,4.884840965270996,0.3089176714420318,0.5021008849143982,0.0,,,0.0,0.092832225885902,0.9698065273272892,0.188430417239011,1.0,0.9698065273272892,0.9782222985347986,0.3605189046689442,0.5,0.7797354913396537,landscape,keep,"风光摄影,不错"
img_ff12a6231a.jpg,landscape,230.57157379069713,559.1312291011756,,132.30275691105768,7.426274896978022,0.1952409569597069,5.488472938537598,0.5248674750328064,0.6435560584068298,0.0,,,13.506355412582366,0.0838058246612751,0.3910451184440585,0.361836438301282,1.0,0.3910451184440585,0.6189242073031135,0.5116103759833744,0.5,0.629896459145278,portrait,keep,"人像写真,不错'peak pose"
img_8ec471d0be.jpg,landscape,328.2256918087432,2666.634714810677,,149.46853572859433,0.0858516483516483,0.0470753205128205,5.205683708190918,0.5838581323623657,0.4920349717140198,0.0,,,,0.1135446257532171,0.6210714688159598,0.1115130637591575,1.0,0.6210714688159598,0.9933536515567764,0.5209064739091056,0.5,0.7531116425518236,portrait,maybe,普通人像
img_7639e35557.jpg,portrait,262.75203640047226,681.6582601780794,906.0060010657857,143.48861571371336,5.22943853021978,0.1106055402930402,5.1091742515563965,0.5033204555511475,0.583322286605835,1.0,0.1302548497915268,0.2923427027660661,,0.0879298575021179,0.953353779399306,0.3742005065247252,1.0,0.953353779399306,0.7329977964743589,0.4737441028867449,0.5,0.7596447254634076,portrait,keep,"人像写真,不错,闭眼"
img_b8e3244fa9.jpg,landscape,172.25559000802127,2886.521376454734,,165.95362365499085,6.205857944139194,0.0486850389194139,5.172811508178711,0.4998132586479187,0.6223183274269104,1.0,0.1873635500669479,0.3377111507866622,4.647970691387034,0.011992687010691,0.8411217585167781,0.0510570484203296,1.0,0.8411217585167781,0.6872728508470696,0.4765360227652958,0.5,0.7248129275640935,portrait,keep,"人像写真,不错,"
img_1b7d1b5bc9.jpg,landscape,33.731053969489444,620.1104788345478,,138.6802179916438,0.0011804601648351,0.0,5.039408206939697,0.6376317143440247,0.3989569544792175,0.0,,,,0.0907689909560661,0.6746611977504324,0.0169417496565934,1.0,0.6746611977504324,0.9999409769917582,0.5359164433819907,0.5,0.7688995457939358,portrait,maybe,普通人像
img_de76f0bee0.jpg,landscape,92.60281378750392,1642.6009690218448,,154.84400540865386,0.0,0.0246465773809523,5.306330680847168,0.4558065831661224,0.4331942498683929,0.0,,,,0.1616324142519379,0.5079237311719108,0.0495585794413919,1.0,0.5079237311719108,0.9987676711309524,0.4640697687864303,0.5,0.7173557226571803,portrait,maybe,普通街拍
img_7b1fcd579a.jpg,landscape,166.12908792538133,2682.362156401148,,133.98139451694138,0.6913203983516483,0.0456444597069597,5.185596466064453,0.6424345970153809,0.4506299495697021,1.0,0.0,1.0,,0.1340868865471409,0.572736737536139,0.0557906936813186,1.0,0.572736737536139,0.9631517570970696,0.54875990322658,0.5,0.7443676747332867,portrait,keep,"人像写真,不错'peak pose"
img_44c54e23d8.jpg,fashion,213.03275991586213,507.1941087120293,,78.47691127232143,6.9403903388278385,5.120156536172161,5.271263122558594,0.5677902102470398,0.2770447432994842,0.0,,,-0.4814658058383524,0.0911811335428676,0.9342286262184256,0.1333970066391941,1.0,0.9342286262184256,0.3969726562500001,0.517556756734848,0.5,0.6956294456773972,portrait,maybe,"建筑摄影,不算出彩"
img_2e9b22866c.jpg,landscape,55.40914223859816,4.666159334126041,,128.78751752804487,0.0,0.0,4.933551788330078,0.401661068201065,0.7285398840904236,0.0,,,0.0,0.3011794779243686,0.6,5.186870421245421e-05,0.155538644470868,0.6,1.0,0.4103699475526809,0.5,0.5114771480058873,portrait,keep,"人像写真,轻微过曝"
img_bffc5e1746.jpg,fashion,392.0069435205589,1215.3134506954736,1508.6150405298426,123.82422196943682,0.2660685668498168,0.093327896062271,4.959947109222412,0.6457100510597229,0.584073007106781,1.0,0.1015988737344741,0.3254536438053901,,0.1012637121894825,0.8749193400618673,0.2415811727335164,1.0,0.8749193400618673,0.9820301768543956,0.5342798190457481,0.5,0.8049598581446896,portrait,keep,"人像写真,不错'peak pose"
img_6a45b40f87.jpg,portrait,63.64103881574274,306.2524572205591,,148.58856062557234,0.1363968063186813,0.1192980196886447,4.985333442687988,0.5189398527145386,0.3299112915992737,1.0,0.0,1.0,,0.028240537575549,1.0,0.1401964571886446,1.0,1.0,0.9872152586996336,0.4727080294064113,0.5,0.8197138546805679,portrait,keep,面部轻微欠曝'motion blur
img_65f5606d18.jpg,fashion,271.848099254693,683.4800038740392,626.1582848818198,145.0270260989011,0.004614526098901,0.3474130036630036,5.500206470489502,0.6134911775588989,0.8246404528617859,2.0,0.2694047391414642,0.3490936337212551,,0.04280754148936,1.0,0.3804898551968864,1.0,1.0,0.9823986235119048,0.5567603366715568,0.5,0.8356698088702702,portrait,keep,面部轻微欠曝
img_723d6dcd87.jpg,street,50.602700391610426,267.91852483867194,,100.93716660943224,0.0001073145604395,0.3536372481684982,5.3447265625,0.7273028492927551,0.6172211766242981,1.0,0.0,1.0,,0.0369651417126906,0.7,0.1360423105540293,1.0,0.7,0.982312771863553,0.602560464824949,0.5,0.7871026705789479,portrait,keep,"人像写真,不错,"
img_0ed92fc5cd.jpg,architecture,1764.310087972708,176.15547507353602,,122.46963677598444,0.2813072344322344,0.0238596039377289,4.839057922363281,0.4994363784790039,0.9100959300994872,0.0,,,0.0,0.1124130631718091,0.923733969007508,0.0129757612179487,1.0,0.923733969007508,0.9847416580815018,0.4525080408368792,0.5,0.7948221356270218,architecture,keep,
img_ee200a611f.jpg,landscape,878.5222597376599,2222.7153549172504,,116.53000908596611,0.0005008012820512,0.0455371451465201,5.588928699493408,0.6355060338973999,0.8197188973426819,1.0,0.0,1.0,0.4441177476198856,0.0631895977156096,1.0,0.1933511475503663,1.0,1.0,0.9976981026785716,0.5741050669125148,0.5,0.843065887263843,portrait,maybe,普通人像
img_20930592e5.jpg,wildlife,54.45513566358211,300.3665651095193,,120.87039012419872,0.0,7.15430402930403e-05,4.628386497497559,0.6129614114761353,0.8594267964363098,3.0,0.0,1.0,3.296115972546317,0.1477784907600944,0.6013029955288565,0.0383749713827838,1.0,0.6013029955288565,0.9999964228479854,0.4942225984164646,0.5,0.7997474721510585,event,maybe,构图还可以继续提升
img_9f59b81abb.jpg,fashion,472.76628533810987,899.0882657057207,,105.24324848328754,0.0654618818681318,0.6116929945054945,4.749636173248291,0.4309163093566894,0.613425076007843,0.0,,,-7.016501744722909,0.0345935455407567,1.0,0.1960436698717948,1.0,1.0,0.9661422561813188,0.411860738481794,0.5,0.7961936358567123,event,cull,整体欠曝
img_edba2b33fc.jpg,fashion,258.26574408469463,4755.144230326625,,105.9544929029304,0.0002504006410256,0.0424965659340659,4.917369365692139,0.4170227944850921,0.3748391270637512,0.0,,,,0.1066002608102763,0.8435278775866097,0.045507097069597,1.0,0.8435278775866097,0.9978626516712452,0.4168949233634131,0.5,0.7725018366924243,portrait,keep,"人像写真,不错,闭眼'peak pose"
img_67d9e20987.jpg,landscape,258.8089214171061,970.5040862220228,,123.97324683779762,0.0188873626373626,0.1063129578754578,5.788134574890137,0.5424231290817261,0.959846019744873,1.0,0.0,1.0,-1.7899106082460694,0.1292574832833291,0.8841000393333434,0.1638983087225274,1.0,0.8841000393333434,0.9937399839743588,0.5417926056044442,0.5,0.8110161560626515,portrait,maybe,面部轻微欠曝
img_b1af8effd4.jpg,landscape,236.6267766897157,1214.513223826728,460.76237937922343,176.05587511446888,0.0862809065934065,0.0101948832417582,5.254321098327637,0.6365793943405151,0.5232892632484436,1.0,0.6267101764678955,0.1166441333993193,,0.1150869318484043,0.617442513297872,0.1726734203296703,1.0,0.617442513297872,0.9951762105082418,0.5507412041936601,0.5,0.7602090458096378,architecture,keep,
img_466c7178d6.jpg,landscape,989.0978934795838,1547.8362635141048,,160.74445362580127,0.0003219436813186,0.0055088141025641,4.711588382720947,0.6239498257637024,0.947622776031494,0.0,,,-2.0247650815610374,0.1338812520787563,0.8717346784504404,0.0335987580128205,1.0,0.8717346784504404,0.999708462110806,0.5056597973619188,0.5,0.800703577452729,landscape,cull,"没有突出主题,构图没有保持水平有倾斜"
img_e984f4126e.jpg,landscape,729.3743914515574,1223.6465650209889,,197.72385996165292,0.4299021291208791,0.0067608173076923,5.329144477844238,0.592724084854126,0.963502824306488,0.0,,,-4.84400037508068,0.0783290069852159,0.8293599774951592,0.0097699175824175,1.0,0.8293599774951592,0.9781668526785716,0.5341580765587943,0.5,0.7950448851744447,portrait,cull,过曝光
img_73435e345c.jpg,landscape,1000.5932583336896,10231.947514334886,,186.58931647779303,1.2272135416666667,0.0069754464285714,4.896481037139893,0.5959320664405823,0.9322795867919922,0.0,,,-2.9927917089254015,0.1291114563824377,0.8248761295057989,0.0447752117673992,1.0,0.8248761295057989,0.938290550595238,0.5048575358731406,0.5,0.7788477199884926,portrait,maybe,构图没有保持水平有倾斜
img_7d424ae27c.jpg,fashion,112.66677594570427,256.6817665177519,,115.92854925022894,20.809581043956044,0.0008585164835164,5.224082946777344,0.4883707165718078,0.4988312125205993,0.0,,,,0.0190360084691489,1.0,0.125410657051282,1.0,1.0,0.4999570741758242,0.4744769973414284,0.5,0.718610664170522,portrait,cull,
img_cbc518e66d.jpg,fashion,72.34366624857716,196.76204632444143,,137.4587168040293,3.577152014652015e-05,0.0311212225274725,4.830425262451172,0.4617390036582947,0.6145396828651428,1.0,0.0,1.0,-4.04958170327138,0.007138811678304,1.0,0.2820648752289377,1.0,1.0,0.9984421502976192,0.4330427348613739,0.5,0.8079491137748673,landscape,keep,"风光摄影,不错"
img_d410f5c411.jpg,landscape,443.78168426246873,2026.9309464812509,,128.61638729109433,0.0113753434065934,0.0003934867216117,5.356548309326172,0.6706098914146423,0.6558390259742737,0.0,,,-4.44410612165269,0.0897289168918697,0.8304620635434978,0.0005319225045787,1.0,0.8304620635434978,0.9994115584935896,0.5750583963734763,0.5,0.8097393235007866,bird,keep,羽毛高光稍微有点溢出
img_ac3aaf071b.jpg,portrait,10.824136117720773,10.815772599549137,,164.50739003834707,0.0,0.0025040064102564,4.524497985839844,0.4561711847782135,0.4356556236743927,1.0,0.0,1.0,,0.1437055902762837,0.6252612336689192,0.1436076293498168,0.3605257533183045,0.6252612336689192,0.9998747996794872,0.4084068770919527,0.5,0.5809993327084527,landscape,keep,'burst best'
img_4886bcaf5e.jpg,landscape,162.89324056531268,870.6148903350644,,131.488428628663,0.0,0.0,5.292581558227539,0.492079347372055,0.98122900724411,0.0,,,,0.2369378745198779,0.3307344128944049,0.0001184037316849,1.0,0.3307344128944049,1.0,0.4812240707022803,0.5,0.686452900254451,portrait,cull,motion blur
img_60a503f2b4.jpg,landscape,1117.4035151189676,2116.704678902274,,129.1577781593407,0.0029332646520146,0.0,4.805184364318848,0.5694491267204285,0.9571289420127868,0.0,,,-1.0341075448834438,0.1139079080773733,0.9202166868767688,0.0007576407967032,1.0,0.9202166868767688,0.9998533367673992,0.4850948750972748,0.5,0.8052877235031524,portrait,keep,
img_99d037e1dc.jpg,landscape,96.04681783421982,473.69592023344586,,159.14181189903846,0.0,0.0,5.097138404846191,0.4733769297599792,0.8932325839996338,0.0,,,,0.0891925215876608,0.6783705374407981,0.0490152100503663,1.0,0.6783705374407981,1.0,0.4579126366547176,0.5,0.7501522666518391,portrait,cull,"没有突出主题,"
img_d6b2049ca3.jpg,landscape,859.9317926139759,1402.7524677606243,,116.51425065819598,0.0392771291208791,0.0,5.066594123840332,0.4951630532741546,0.5617730617523193,0.0,,,0.0,0.0256866420348711,1.0,0.0901810754349816,1.0,1.0,0.998036143543956,0.4666239640542439,0.5,0.8162632197223522,stilllife,maybe,主题相对单调
img_20abfe54e9.jpg,landscape,82.27381294781414,144.06516823095765,,105.57957839686355,0.3554615956959707,0.0,4.687654972076416,0.444699227809906,0.6805177330970764,1.0,0.0,1.0,-2.7263109939062655,0.0848532295840756,0.9450019766383873,0.0162080757783882,1.0,0.9450019766383873,0.9822269202152014,0.4143249690532684,0.5,0.7890270216340348,portrait,keep,'burst best'
img_484668be6f.jpg,street,130.8165149777136,938.0331612995687,,112.28688687614468,0.1735634157509157,0.0002861721611721,4.963925838470459,0.4589768052101135,0.4932738840579986,0.0,,,,0.1226010424784567,0.5997622529918665,0.0957861149267399,1.0,0.5997622529918665,0.9913075206043956,0.4411973910672324,0.5,0.7285133024860606,portrait,keep,
img_d421d898b8.jpg,landscape,1368.4299963556282,853.0191360767068,,112.74754178113552,0.0236807463369963,0.0020389766483516,5.767433166503906,0.5301615595817566,0.753637969493866,0.0,,,1.5565674713398678,0.0442435131258089,1.0,0.0175219637133699,1.0,1.0,0.9987140138507328,0.5341831488268716,0.5,0.8332885899768645,landscape,maybe,轻微欠曝
img_7caaa838a2.jpg,stilllife,235.81710678465703,304.4815890043878,,183.13463327037545,0.0346983745421245,0.0,4.2294487953186035,0.5456215143203735,0.5705915689468384,0.0,,,0.0,0.1422818075716137,0.6336364260493308,0.3452155591804029,1.0,0.6336364260493308,0.9982650812728938,0.4320570996829441,0.5,0.8362600531171699,stilllife,cull,motion blur
img_627934c3c3.jpg,abstract,561.4551324190593,632.4047656490194,,176.8657240871108,0.0,0.0949018429487179,4.435570240020752,0.4135923981666565,0.5408103466033936,0.0,,,7.657709693713878,0.1507949007129913,0.5835594075706393,0.7711717319139194,1.0,0.5835594075706393,0.995254907852564,0.3807655019419533,0.5,0.7109542385701291,stilllife,cull,审美一般
img_20d4ce2ee6.jpg,abstract,141.32217926220912,575.0602027073126,,173.25256517570972,4.269295157967033,0.3087439903846153,4.66044807434082,0.4944535791873932,0.4902993440628052,0.0,,,-2.757107603847919,0.136632195490952,0.6668694382885175,0.1316975017170329,1.0,0.6668694382885175,0.7710980425824177,0.4372587949037552,0.5,0.6969081949001258,stilllife,cull,审美一般
img_61f8902eee.jpg,stilllife,127.7110462164284,592.3763540399059,,170.5979223901099,7.665157108516484,0.1412259615384615,4.879181861877441,0.5147074460983276,0.5705378651618958,0.0,,,-3.510678430267298,0.107597833685946,0.8376598018473763,0.1296495821886447,1.0,0.8376598018473763,0.6096808464972527,0.4630095703261239,0.5,0.8018686306948323,stilllife,cull,审美一般
img_be93fc5a0d.jpg,stilllife,125.92531549448697,529.7718594995631,,157.93768207703755,4.065254407051282,0.2635645604395604,4.728865146636963,0.5055096745491028,0.7607689499855042,0.0,,,,0.1114900467151274,0.8147644310874855,0.1270997882326007,1.0,0.8147644310874855,0.7835590516254579,0.4476737763200487,0.5,0.8377027810486125,stilllife,cull,审美一般
img_ae813afbff.jpg,stilllife,104.84521255232325,543.6918329274919,,143.70307420444138,0.0,0.1693066048534798,4.976644039154053,0.4751807153224945,0.5384148359298706,0.0,,,,0.137958388053589,0.6590683055671234,0.1233015682234432,1.0,0.6590683055671234,0.991534669757326,0.4502077890293938,0.5,0.8431145485609381,stilllife,cull,审美一般
img_a0c6a075e9.jpg,stilllife,168.62155160559377,668.1185936742431,,147.04746809180403,0.0,0.4516512133699633,4.8424272537231445,0.3625141084194183,0.5748651623725891,0.0,,,,0.1413717436924683,0.6389897429854804,0.1350643171932234,1.0,0.6389897429854804,0.9774174393315018,0.3842875723327909,0.5,0.8302656613451591,stilllife,cull,审美一般
img_ec39e9112c.jpg,stilllife,676.9706734051761,2284.8710985171433,,74.20173271927617,1.1232970923316252,1.27732373261347,4.852025985717773,0.4198289811611175,0.4116379022598266,1.0,0.1870108991861343,0.2349421866712434,0.0,0.1235385698234262,0.7438907657445515,0.1827022613927525,1.0,0.7438907657445515,0.8799689587527453,0.4136306324175426,0.5,0.8388410010324289,stilllife,keep,'burst best'
img_b3f38e7a69.jpg,abstract,336.35257723908916,686.4536296269346,,58.87799474400622,3.6365157165080526,48.08794638771962,5.47547721862793,0.7207297086715698,0.3140008449554443,2.0,0.0,1.0,4.021990177020111,0.0818823944561749,0.988927091434265,0.4809992107430454,1.0,0.988927091434265,0.3181742141745973,0.6086132270949227,0.5,0.7135735678955032,stilllife,keep,'burst best'
img_b8ea1619a2.jpg,abstract,121.58203589688289,202.62602852905175,,85.3591980606012,0.9894665652452416,0.7040758258601757,5.159653186798096,0.6465296149253845,0.3730843067169189,0.0,,,-8.022403647327497,0.1435056438160541,0.6264373893173283,0.5057928886804539,1.0,0.6264373893173283,0.9153228804447292,0.5489543208054134,0.5,0.7455906341537649,stilllife,keep,'burst best'
img_1cb04ebc06.jpg,abstract,187.50935513977896,291.3924616872143,,87.8330760860862,0.1588522602489019,0.5051887925512445,5.1850786209106445,0.5949363708496094,0.3872184455394745,1.0,0.0,1.0,4.398705354995532,0.1612859335977049,0.521847449425265,0.3838333867130307,1.0,0.521847449425265,0.9667979473599926,0.5249738012041365,0.5,0.7289725296580857,stilllife,keep,'burst best'
img_d2dd0dc99c.jpg,abstract,4673.27918956982,871.2799189835603,,128.56563772533858,0.0149772945644216,0.0457540263543191,5.065345287322998,0.7330149412155151,0.7566633820533752,0.0,,,-0.2220722165559641,0.1366502950373616,0.6667629703684612,0.0630619166361639,1.0,0.6667629703684612,0.996963433954063,0.5854607054165432,0.5,0.7791104572186406,stilllife,keep,'burst best'
img_ab0020d570.jpg,documentary,140.65445198889103,1002.466011023928,,88.52900340581533,0.6107447611639825,4.933892580984627,4.747962951660156,0.8289950489997864,0.3162189424037933,0.0,,,-5.714662345536695,0.1626314897403083,0.513932413292304,0.1043191800878477,1.0,0.513932413292304,0.7227681328925696,0.6107805924756187,0.5,0.7000352573558793,stilllife,keep,'burst best'
img_95840cd520.jpg,abstract,635.341927180285,861.4016276652007,,103.99706745287337,2.9821259036420207,0.0008221426610541,4.994604110717773,0.6066074371337891,0.4250591099262237,0.0,,,9.752424941653784,0.1192402012008702,0.7691752870537046,0.721773340272694,1.0,0.7691752870537046,0.8508525976848462,0.5172040121895927,0.5,0.7533065799951084,stilllife,keep,'burst best'
img_e5de066ee7.jpg,abstract,122.88282338300216,310.0291266581631,,34.38333831384974,0.8866987326134701,50.29389812866032,4.786397933959961,0.6915878057479858,0.4523803889751434,0.0,,,0.6026743674880699,0.1145933024633591,0.7965099855096519,0.1360628231378111,1.0,0.7965099855096519,0.1556650633693264,0.5448223267282759,0.5,0.6266405914578647,stilllife,keep,'burst best'
img_e2a6e890ff.jpg,abstract,428.8139026082191,958.0650095090532,,56.66379226528184,0.3451569363103953,8.535806815062227,5.470066547393799,0.5672670602798462,0.5918664932250977,1.0,0.0,1.0,0.6393705537082959,0.160788795895901,0.5247717888476409,0.4129447434342972,1.0,0.5247717888476409,0.5559518124313689,0.5314954263823373,0.5,0.6490185768513863,stilllife,keep,'burst best'
img_a177d22715.jpg,abstract,956.2249614584808,1888.9855836549664,,54.92870843532668,0.9088965844619328,31.23198435212299,5.446730613708496,0.6987411975860596,0.6309713125228882,0.0,,,0.0,0.1414244732792478,0.6386795689456007,0.4970281330069546,1.0,0.6386795689456007,0.4545551707769033,0.595565642629351,0.5,0.6675383586018386,stilllife,keep,'burst best'
img_d47f70e7ac.jpg,abstract,457.1816441774211,1381.7957126292758,,21.350282817075403,0.6436304676061494,54.08075871614202,5.015368461608887,0.6911867260932922,0.4399634897708893,0.0,,,0.0,0.1466733794744672,0.6078036501501929,0.3135920199258785,1.0,0.6078036501501929,0.1678184766196925,0.5609768245901381,0.5,0.5953686315015116,stilllife,keep,'burst best'
img_cff29f3b07.jpg,stilllife,207.99733304064196,927.6204134735628,,79.14886894617038,0.4247260477672034,0.0186948092057101,4.931222915649414,0.7278284430503845,0.4284821152687073,0.0,,,7.614711942031021,0.1442175805811337,0.6222495259933309,0.1824588356744143,1.0,0.6222495259933309,0.9778289571513544,0.5732872869287218,0.5,0.8347964614322739,stilllife,keep,'burst best'
img_cb36446675.jpg,abstract,497.8422612041156,884.4446008449603,,57.57836485118503,0.5935512559480234,1.7991341050512446,4.961596965789795,0.6378469467163086,0.94997900724411,3.0,0.0,1.0,-2.400214460856639,0.1457075796210264,0.6134848257586677,0.51953125,1.0,0.6134848257586677,0.8803657319500365,0.530466113771711,0.5,0.7313866399846687,stilllife,keep,'burst best'
img_a01329133d.jpg,abstract,298.78268829468686,2422.3864934134085,,51.24218428292002,0.5386821696559297,0.0273809251464128,4.65342378616333,0.7519389390945435,0.7419758439064026,0.0,,,0.0,0.1293096865181381,0.7099430204815401,0.1075058765327598,1.0,0.7099430204815401,0.9716968452598828,0.5654997399875096,0.5,0.777702908145162,stilllife,keep,'burst best'
img_289868f64c.jpg,abstract,874.2080890726232,1567.9060613983047,,101.62071627928258,0.113133979227672,0.0,4.754497051239014,0.5253669023513794,0.6259464025497437,0.0,,,0.4868421725307568,0.1525958685100084,0.5729654793528914,0.5370797063735359,1.0,0.5729654793528914,0.9943433010386163,0.459433240549905,0.5,0.7283200662157778,stilllife,keep,'burst best'
img_582ceb7ebf.jpg,abstract,619.5877762357942,671.2866598902816,,114.77222680556828,1.237074487554905,0.1666447428623718,4.931191444396973,0.7056248784065247,0.8561018109321594,0.0,,,-7.294196308540855,0.1410712693276815,0.6407572392489324,0.9018847799231332,1.0,0.6407572392489324,0.929814038479136,0.562183256660189,0.5,0.7546600697106609,stilllife,keep,'burst best'
img_ea9dd15fd0.jpg,documentary,739.0415412530824,1655.7944217998877,,60.51802494166362,0.2377422103770132,15.175287964403369,5.386325836181641,0.593143105506897,0.4583849012851715,1.0,0.0,1.0,12.900598937905103,0.1481441656685838,0.5991519666553893,0.4335029568539531,1.0,0.5991519666553893,0.4881128894811494,0.5384519696235657,0.5,0.6520659636331991,stilllife,keep,'burst best'
img_bb9b19a7e6.jpg,documentary,467.0470421156345,543.4819640322343,,67.93623068322199,1.9946610770497804,2.218355371522694,4.522752285003662,0.4898735582828522,0.5157264471054077,1.0,0.0,1.0,0.1492064099974412,0.1454802441603201,0.6148220931745876,0.8476255090135432,1.0,0.6148220931745876,0.7893491775713763,0.4251333709274019,0.5,0.6871175968810432,stilllife,keep,'burst best'
img_1d0ffe6d14.jpg,stilllife,406.155304865168,3747.780851160427,,99.27709103049506,0.5595216988469985,0.5717823480966325,4.952399253845215,0.6592932343482971,0.8403263092041016,0.0,,,,0.0867967877583757,0.960018895538966,0.0564837029877379,1.0,0.960018895538966,0.9434347976528183,0.5405322781630925,0.5,0.925890981983049,stilllife,keep,'burst best'
img_7b71a7417e.jpg,abstract,410.87761403586734,2289.456586818028,,93.18381072417183,0.1194251578513909,0.0005361799963396,4.4443864822387695,0.6631439328193665,0.6311789155006409,0.0,,,0.0,0.1236835335998554,0.7430380376479093,0.1621286774798682,1.0,0.7430380376479093,0.9940019331076134,0.5061710008553096,0.5,0.7739507443649319,stilllife,keep,'burst best'
img_121d6f6d2d.jpg,portrait,318.94700236324235,561.9144775024193,,63.84614994166362,0.5043309045571011,10.812498570186676,5.332204818725586,0.7447119951248169,0.3186486363410949,1.0,0.0,1.0,0.1675296093045619,0.0926249046402309,0.9257358550574653,0.5314065645589312,1.0,0.9257358550574653,0.4747834547721449,0.6103706274713789,0.5,0.7161409247130599,stilllife,keep,'burst best'
img_36574ba074.jpg,abstract,442.0497922395048,653.0732708969293,,91.41146810372436,0.0369606744143484,22.793655060395317,4.968569278717041,0.7812597155570984,0.4172454476356506,0.0,,,-9.03948280335512,0.1364518208134044,0.6679304658035035,0.2889920816938141,1.0,0.6679304658035035,0.4981519662792826,0.6026705205440521,0.5,0.6838841165525702,stilllife,keep,'burst best'
img_a76dc210a8.jpg,abstract,136.17300273926975,416.8015092741852,,112.54588628408676,0.0225553051793557,0.2195478358345534,4.76270055770874,0.7090312242507935,0.3048568069934845,0.0,,,0.0,0.1382504863380883,0.6573500803641861,0.0521352832174231,1.0,0.6573500803641861,0.9878948429493046,0.5518513662474496,0.5,0.7670118262245605,stilllife,keep,'burst best'
