filename,_run_id,laplacian_global,laplacian_subject,face_region_lap_var,mean_luma,highlight_clip_pct,shadow_clip_pct,laion_aes,clipiqa,scene_confidence,face_count,face_max_blink,face_min_ear,horizon_tilt_deg,rule_of_thirds_offset,composition_score,subject_fraction,score_sharpness,score_composition,score_exposure,score_aesthetic,score_moment,score_final,scene,target_technical,target_technical_source,target_subject,target_subject_source,target_composition,target_composition_source,target_light,target_light_source,target_moment,target_moment_source,target_aesthetic,target_aesthetic_source
3J0A6954.jpg,7561ee737e,284.8302230880407,342.751086023619,,102.3862054286859,0.0,3.577152014652015e-05,5.456991195678711,0.5226234197616577,0.9747450351715088,,,,-0.3773100105912171,0.243350777132637,0.6156452302761481,0.0087965745192307,1.0,0.6156452302761481,0.9999982114239928,0.5082396524293082,0.5,0.7501886014473552,landscape,,,,,,,,,,,,
3J0A6959.jpg,7561ee737e,140.19320471813478,344.1924979141654,,105.27497996794872,0.2175623855311355,1.3720881982600732,5.3176188468933105,0.5222827196121216,0.6898172497749329,,,,,0.0559996930779026,1.0,0.1295057806776556,1.0,1.0,0.9205174708104396,0.4981141345841544,0.5,0.9300350744318177,stilllife,,,,,,,,,,,,
3J0A6975.jpg,7561ee737e,177.20278224791517,473.8263451495959,,145.5846915779533,1.9088040865384617,0.0002146291208791,5.156886100769043,0.5047933459281921,0.949927568435669,,,,,0.037853797993082,1.0,0.2169954069368131,1.0,1.0,0.904549064217033,0.477888537304742,0.5,0.9250316929194952,stilllife,,,,,,,,,,,,
3J0A6986.jpg,7561ee737e,105.28681267228934,3144.442471990294,,76.08539448832417,0.0119119162087912,0.0064746451465201,5.41431999206543,0.420907974243164,0.6729937791824341,,,,,0.1394904750585812,0.5600224116268677,0.0222473815247252,1.0,0.5600224116268677,0.9990806719322344,0.454333986554827,0.5,0.7254041133505272,street,,,,,,,,,,,,
3J0A6989.jpg,7561ee737e,603.2703593802743,539.4127003059116,,143.8098607772436,0.0010016025641025,0.0,5.252371788024902,0.710710883140564,0.3450479507446289,,,,-8.262033551723496,0.1567187749084463,0.4437632224061281,0.2232661544184981,1.0,0.4437632224061281,0.9999499198717948,0.5876677121434892,0.5,0.7356595564914569,street,,,,,,,,,,,,
3J0A6998.jpg,7561ee737e,131.40777047282012,174.06375384987982,,83.0949461996337,0.2040407509157509,0.0002146291208791,4.8563337326049805,0.4196958541870117,0.7121073603630066,,,,0.0,0.0516765317481282,1.0,0.2709424364697802,1.0,1.0,0.9897872309981686,0.4138717651367187,0.5,0.8143446227133057,portrait,,,,,,,,,,,,
3J0A7005.jpg,7561ee737e,280.80085865359933,429.86100831614607,,149.05302018944596,3.987272493131868,0.0051868704212454,5.157352447509766,0.4531959891319275,0.5143348574638367,,,,-0.2031731166545173,0.1510474712281564,0.8328294794631612,0.4622567536630036,1.0,0.8328294794631612,0.8003770318223443,0.4521231693880898,0.5,0.7396720946041236,street,,,,,,,,,,,,
3J0A7015.jpg,7561ee737e,222.2345566998596,719.1949959807043,,96.1687242445055,0.0039348672161172,0.5666566506410257,4.8380961418151855,0.5250418186187744,0.3984352052211761,,,,0.9947117348285284,0.0664319044873365,1.0,0.0833014966804029,1.0,1.0,0.9714704241071428,0.4652420622961861,0.5,0.89224476984569,wildlife,,,,,,,,,,,,
3J0A7048-已增强.jpg,7561ee737e,191.1903327437628,5335.68213407982,,12.091861621451466,0.004542983058608,0.3020904876373626,4.6071343421936035,0.559958279132843,0.7623663544654846,,,,,0.1623629684522777,0.5062047801122876,0.0339396605998168,1.0,0.5062047801122876,0.6846683264652014,0.4662030211516789,0.5,0.6547253766034176,landscape,,,,,,,,,,,,
3J0A7050.jpg,7561ee737e,176.1612642898623,671.6663251579971,,34.42917060153388,0.0,0.0206401671245421,5.773741722106934,0.3784332275390625,0.8476811051368713,,,,0.0,0.1160586119609098,0.9151562071508004,0.2020912030677655,1.0,0.9151562071508004,0.698967991643773,0.4587695939200265,0.5,0.7375172382389213,street,,,,,,,,,,,,
3J0A7057.jpg,7561ee737e,382.74664197676594,333.71281292959026,,49.00406042525183,0.0839199862637362,1.502046130952381,5.767350196838379,0.4508420825004577,0.8961890339851379,,,,4.122297811783642,0.169384245728358,0.6623462589909626,0.2090026184752747,1.0,0.6623462589909626,0.920701694139194,0.4945174838815416,0.5,0.7402389615964168,landscape,,,,,,,,,,,,
3J0A7060-已增强.jpg,7561ee737e,12.822117784944318,249.69848231213695,,8.319353274794222,0.021718901307295,93.28170392188508,4.7779011726379395,0.5154651403427124,0.6892316937446594,,,,6.36950605119894,0.1525573201923205,0.5731922341628202,0.0424918167971271,1.0,0.5731922341628202,0.1989140549346352,0.4561540825026375,0.5,0.6687505750311641,wildlife,,,,,,,,,,,,
3J0A7088.jpg,7561ee737e,471.3891841848554,1998.0878114416785,,104.90900619562728,0.1299221611721611,0.3572859432234432,5.499051094055176,0.4666697382926941,0.4892442226409912,,,,,0.1477794067246212,0.5405190430008913,0.0832660828754578,1.0,0.5405190430008913,0.97563959478022,0.4832670901502882,0.5,0.7240485000937943,street,,,,,,,,,,,,
3J0A7133.jpg,7561ee737e,231.59833796828184,371.8091480844219,,146.9802226419414,0.7203668727106227,1.033367673992674,5.30324125289917,0.2726032137870788,0.5394682884216309,,,,10.53918372862823,0.1462542727946141,0.3317565697067435,0.6106684981684982,1.0,0.3317565697067435,0.9123132726648352,0.3722474106720516,0.5,0.6418758211423287,street,,,,,,,,,,,,
3J0A7146.jpg,7561ee737e,402.4868607464433,522.499889631943,,121.264501058837,1.0249255952380951,0.7888335622710623,5.26383113861084,0.3540289402008056,0.693076491355896,,,,2.7954164305600315,0.1506299529977074,0.5845296882487795,0.7402522607600732,1.0,0.5845296882487795,0.909312042124542,0.4101452657154628,0.5,0.7981941802915424,stilllife,,,,,,,,,,,,
3J0A7252.jpg,7561ee737e,938.4426160919844,1070.0759398646092,,94.2783693194826,0.5631152701465202,0.0005365728021978,5.984099388122559,0.5426432490348816,0.7434380054473877,,,,0.0,0.0524280730378983,1.0,0.1460536858974359,1.0,1.0,0.971817407852564,0.5559001522404807,0.5,0.833338519630633,landscape,,,,,,,,,,,,
3J0A7346.jpg,7561ee737e,567.0436812738359,1533.289866460154,,102.41300151671246,0.0006438873626373,1.8272807921245424,5.21988582611084,0.6222652196884155,0.8644002676010132,,,,7.683981829733963,0.1050348238610759,0.6000556223075482,0.2533099387591575,1.0,0.6000556223075482,0.9086037660256412,0.5411244545664107,0.5,0.7370129913082405,street,,,,,,,,,,,,
3J0A7347.jpg,7561ee737e,490.91476540434707,1279.953200355789,,112.16915886847528,0.0002146291208791,1.229789091117216,5.213231086730957,0.6631022095680237,0.903381645679474,,,,8.22771612125458,0.091242433053407,0.5998842490696499,0.292084478021978,1.0,0.5998842490696499,0.9384998139880952,0.5610676109790802,0.5,0.7479437153563191,street,,,,,,,,,,,,
3J0A7349.jpg,7561ee737e,556.669759809025,1256.5115360401012,,107.86393193395146,0.0,0.784898695054945,5.300220489501953,0.7185441255569458,0.8645915389060974,,,,1.0860458260064003,0.0622686785216779,1.0,0.3052441048534798,1.0,1.0,0.9607550652472528,0.5950020977428981,0.5,0.8409015374851752,street,,,,,,,,,,,,
3J0A7422.jpg,7561ee737e,156.97965549792414,471.0140843798002,,98.25668390853936,0.0139866643772893,0.805860805860806,5.642416954040527,0.3599788844585418,0.8872299194335938,,,,-0.488269017880782,0.0939153805608206,0.9672579280921868,0.2871827066163003,1.0,0.9672579280921868,0.9590076264880952,0.4401620818035943,0.5,0.795293631366955,landscape,,,,,,,,,,,,
3J0A7487.jpg,7561ee737e,705.2196255898571,2969.1143235527784,,49.74340444711538,0.2644230769230769,0.0,6.140050411224365,0.5327401757240295,0.9128534197807312,,,,-2.739335721918572,0.1541953326798355,0.7810626033205667,0.0047264909569597,1.0,0.7810626033205667,0.986778846153846,0.5620879743780409,0.5,0.7940902834893928,landscape,,,,,,,,,,,,
3J0A7489.jpg,7561ee737e,531.5549260886074,1286.0443412368218,,85.43664971096612,0.0629936469780219,0.5036272321428572,5.458139419555664,0.5286542773246765,0.8596241474151611,,,,-2.0333156694143883,0.1439778362919329,0.6236597865180418,0.1258810525412088,1.0,0.6236597865180418,0.971668956043956,0.5113370972020286,0.5,0.830582029826503,stilllife,,,,,,,,,,,,
3J0A7506.jpg,7561ee737e,786.0666630784544,2224.870780707957,,66.31788933722528,0.2708619505494505,0.8399510645604396,5.931238174438477,0.6101818084716797,0.5056547522544861,,,,10.49025148606295,0.1334539251665299,0.3648109692679172,0.1356434581043956,1.0,0.3648109692679172,0.9444593492445056,0.5858936309814453,0.5,0.7083274714478459,landscape,,,,,,,,,,,,
3J0A7520.jpg,7561ee737e,148.0405809986285,278.8653740607655,,19.13274417639652,0.0056519001831501,29.414956788003664,5.276082992553711,0.383713036775589,0.6357437968254089,,,,-0.3331112439213666,0.1493708808676849,0.8367743979583884,0.0355837196657509,1.0,0.8367743979583884,0.1997174049908425,0.4258624464273453,0.5,0.6137639721966826,street,,,,,,,,,,,,
3J0A7528-已增强.jpg,7561ee737e,63.160068965459345,1670.392502665656,,12.768363667582417,0.0,68.96699004120879,4.928556442260742,0.6143211126327515,0.6329841017723083,,,,-5.08930317161715,0.1361619239256649,0.6824961063484654,0.0338784913003663,1.0,0.6824961063484654,0.2,0.5163431593350002,0.5,0.6055850111034431,landscape,,,,,,,,,,,,
3J0A7567.jpg,7561ee737e,1790.521016541432,2651.95952239229,,113.57001094608516,0.006260016025641,0.0424250228937728,5.264547348022461,0.4532124400138855,0.958408772945404,,,,9.926245506651703,0.1284063802870386,0.4105279042196301,0.0006009615384615,1.0,0.4105279042196301,0.9975657480540292,0.4597881734371185,0.5,0.6965657738140115,landscape,,,,,,,,,,,,
3J0A7777.jpg,7561ee737e,252.07327972702004,1265.311128279921,,172.1592780591804,0.0001073145604395,0.0,4.620552062988281,0.3777312636375427,0.4557498693466186,,,,1.5991833350868474,0.1209157373896461,0.7593191918256109,0.0815007583562271,1.0,0.7593191918256109,0.999994634271978,0.37604792203222,0.5,0.7644675574227398,portrait,,,,,,,,,,,,
3J0A7810.jpg,7561ee737e,79.67496912724334,370.721168023381,,112.26668777186356,0.0,0.0,5.530096054077148,0.4195616245269775,0.4063354134559631,,,,,0.0873278759695254,0.6827579388952343,0.0210486778846153,1.0,0.6827579388952343,1.0,0.4619305304118565,0.5,0.752034220382011,landscape,,,,,,,,,,,,
3J0A7816.jpg,7561ee737e,65.13645204934768,581.635260128961,,112.7557130694826,0.0,0.0,5.602456092834473,0.5679997205734253,0.5393855571746826,,,,,0.0442568437611407,1.0,0.0144609947344322,1.0,1.0,1.0,0.5413181526320321,0.5,0.9041318152632032,wildlife,,,,,,,,,,,,
3J0A7856.jpg,7561ee737e,151.76475253260202,1424.1515846998682,,80.58504500057235,0.0,0.0002504006410256,5.051865577697754,0.4391151368618011,0.6420312523841858,,,,-4.021990177020111,0.1228717799058128,0.7478130593775718,0.0829602363782051,1.0,0.7478130593775718,0.9999874799679488,0.437547966837883,0.5,0.8307061835233736,wildlife,,,,,,,,,,,,
3J0A7857.jpg,7561ee737e,74.45065282399297,1422.266002256595,,76.2744845323947,0.000143086080586,0.0,5.018503665924072,0.4113092422485351,0.6591068506240845,,,,,0.0766230447061383,0.7,0.0214396605998168,1.0,0.7,0.9999928456959708,0.4212620258331299,0.5,0.7453140755974766,landscape,,,,,,,,,,,,
3J0A7869.jpg,7561ee737e,139.01143566648489,316.1530852801126,,66.7184817135989,0.0002146291208791,0.0,5.349749565124512,0.5238656401634216,0.5838425159454346,,,,,0.1364576211755563,0.6678963460261391,0.0010137648809523,1.0,0.6678963460261391,0.999989268543956,0.5012006461620331,0.5,0.8170925414043315,wildlife,,,,,,,,,,,,
3J0A7886.jpg,7561ee737e,135.10086842231192,23.8750153579594,,80.25330636160714,0.0003219436813186,3.577152014652015e-05,5.12519645690918,0.3567911982536316,0.5885869264602661,,,,-3.0127875041833403,0.1456542981737696,0.6137982460366493,0.0009894402472527,0.4775003071591879,0.6137982460366493,0.9999821142399268,0.4016239174774715,0.5,0.5846093932565737,wildlife,,,,,,,,,,,,
沈园鱼池.jpg,7561ee737e,169.41392052614864,456.6592780380022,,77.22258899954213,0.0005365728021978,0.0,5.437633514404297,0.4519783556461334,0.8374437689781189,,,,-8.471144633014832,0.0911997185537663,0.9341193026249036,0.0400015024038461,1.0,0.9341193026249036,0.99997317135989,0.4715344288519451,0.5,0.880679244245404,wildlife,,,,,,,,,,,,
沈园鱼池-2.jpg,7561ee737e,62.39916472386883,30.58536981014585,,35.268450234661174,0.0,0.0211409684065934,6.031683921813965,0.3858376443386078,0.6794537305831909,,,,-11.203499121505727,0.1034316382253442,0.8621668339685631,0.1412653102106227,0.6117073962029169,0.8621668339685631,0.6989429515796703,0.4808962451560156,0.5,0.6631557342258597,wildlife,,,,,,,,,,,,
3J0A7892.jpg,7561ee737e,172.07285513883306,111.61682205634256,,73.15390946943681,0.0011089171245421,0.0,4.948818206787109,0.3535703420639038,0.5695688724517822,,,,5.150082338019821,0.0751937920379769,1.0,0.1502926110347985,1.0,1.0,0.9999445541437728,0.3874150429453168,0.5,0.8887331874160976,wildlife,,,,,,,,,,,,
3J0A7930.jpg,7561ee737e,183.2444711304059,126.66700532589788,,94.8404275412088,0.0504020718864468,0.0223214285714285,4.849985122680664,0.646793782711029,0.9069679975509644,,,,-13.45201035713517,0.0918156955364918,0.9304959086088712,0.047984632554945,1.0,0.9304959086088712,0.9963638249771064,0.5269672572612762,0.5,0.8847752766249114,wildlife,,,,,,,,,,,,
3J0A7965.jpg,7561ee737e,2502.2975603727195,505.7605360058783,,98.00570126488095,1.0167696886446886,4.519087683150183,5.587079048156738,0.4781533181667328,0.7877740263938904,,,,-6.058434448251952,0.123982125734894,0.653006578434544,0.0007272350045787,1.0,0.653006578434544,0.7232071314102564,0.495296591094562,0.5,0.6990668897426006,landscape,,,,,,,,,,,,
3J0A8047.jpg,7561ee737e,330.1874037959544,782.5531060320111,,50.274253806089746,0.3288833562271062,13.2077395260989,5.6371965408325195,0.6074090003967285,0.5526649355888367,,,,1.4006041232003317,0.0855084264698658,0.9870389965414924,0.2534090258699634,1.0,0.9870389965414924,0.4835558321886447,0.5635042531149728,0.5,0.7349950290247707,landscape,,,,,,,,,,,,
3J0A8052.jpg,7561ee737e,314.9963905199649,2247.592880482942,,42.66314066792582,0.2830600389194139,21.65307348901099,5.875960826873779,0.4926623404026031,0.4297907948493957,,,,-8.477148977065447,0.1253500848542873,0.7332347949747805,0.0551292782738095,1.0,0.7332347949747805,0.4858469980540293,0.523185514978,0.5,0.7425914637548414,stilllife,,,,,,,,,,,,
3J0A8062.jpg,7561ee737e,910.6206240380784,275.42220344959713,,65.17457789606227,0.0237522893772893,0.0005723443223443,5.923815727233887,0.4900663793087005,0.8404387831687927,,,,-2.254574965935033,0.1709407206303127,0.7707473358549269,0.0014061784569597,1.0,0.7707473358549269,0.9987837683150182,0.5253057415996278,0.5,0.785232656233896,landscape,,,,,,,,,,,,
3J0A8063.jpg,7561ee737e,647.8855010874414,3052.0007646218123,,64.58297204097985,0.0868890224358974,1.6863410027472527,5.947011947631836,0.3612496852874756,0.5648925304412842,,,,1.4441255309358456,0.1182505991664655,0.9099985901965516,0.0043744991987179,1.0,0.9099985901965516,0.9113384987408424,0.4625542674745832,0.5,0.7799059846561247,landscape,,,,,,,,,,,,
3J0A0237-编辑.jpg,7561ee737e,81.79562013492533,182.4151124906115,,204.22730153960623,0.0041137248168498,0.0010016025641025,5.504432678222656,0.5084153413772583,0.7601791024208069,,,,,0.1172339874205909,0.6123906178339038,0.1068531078296703,1.0,0.6123906178339038,0.9997442336309524,0.504524290561676,0.5,0.7485580429333902,street,,,,,,,,,,,,
3J0A0237-编辑-编辑.jpg,7561ee737e,660.9256338707453,1043.701939782401,,216.0630358573718,0.004542983058608,0.0021462912087912,5.792451858520508,0.5925127863883972,0.5282584428787231,,,,,0.1033277325682285,0.645111217486521,0.1124953497023809,1.0,0.645111217486521,0.99966553628663,0.5671458116599492,0.5,0.7707418036696175,street,,,,,,,,,,,,
3J0A0237-编辑-2.jpg,7561ee737e,82.87592322899675,224.4306450224858,,221.1176310668498,3.713441506410257,0.0007869734432234,5.458477020263672,0.4581234455108642,0.7913735508918762,,,,,0.0991873812631411,0.6548532205573151,0.1026914491758241,1.0,0.6548532205573151,0.5142885760073261,0.4760957956314087,0.5,0.6528523082207804,street,,,,,,,,,,,,
3J0A0237-编辑-2-编辑-编辑.jpg,7561ee737e,1417.6068043930254,2448.923615660866,,145.62891912774725,0.0,0.0,5.706361293792725,0.6280081868171692,0.901148557662964,,,,-0.4341063457771729,0.0786910990695258,1.0,0.0154307606456043,1.0,1.0,1.0,0.5787441858223507,0.5,0.8446860464555876,landscape,,,,,,,,,,,,
3J0A0237-编辑-2-2.jpg,7561ee737e,2502.0154253954947,6473.179242771078,,205.0820287459936,0.8635602678571429,0.004471440018315,6.128546714782715,0.5502662658691406,0.5250639915466309,,,,-3.210775140201404,0.1330625243463352,0.8025004931259505,0.0108952896062271,1.0,0.8025004931259505,0.9565984146062272,0.5700293268476213,0.5,0.7943271132583409,landscape,,,,,,,,,,,,
3J0A3500.JPG,86d00174b6,328.22663796851,996.0618833471002,,149.46888235462455,0.0859231913919413,0.0469322344322344,4.874368190765381,0.4594070017337799,0.6155878305435181,,,,-7.932758314172064,0.1134905115935157,0.8029969906263779,0.1115220066391941,1.0,0.8029969906263779,0.9933572287087912,0.4350155144929886,0.5,0.7129546843495742,event,4.0,human,5.0,human,3.97,auto,3.0,human,,,1.0,auto
3J0A5978.JPG,86d00174b6,989.097893479584,1547.8362635141048,,160.74445362580127,0.0003219436813186,0.0055088141025641,4.711588382720947,0.6239498257637024,0.9689390063285828,,,,-2.0247650815610374,0.1338812520787563,0.8717346784504404,0.0335987580128205,1.0,0.8717346784504404,0.999708462110806,0.5056597973619188,0.5,0.800703577452729,landscape,5.0,auto,5.0,auto,2.94,auto,5.0,auto,,,2.54,auto
3J0A6108.JPG,86d00174b6,729.4079036409165,1113.7896998636154,,197.72402951865843,0.4293655563186813,0.0067608173076923,4.849243640899658,0.5672974586486816,0.9736360907554626,,,,0.0,0.0782288033100242,1.0,0.0097591861263736,1.0,1.0,0.9781936813186812,0.487166132245745,0.5,0.8174302693251726,landscape,5.0,auto,1.0,auto,3.97,auto,2.78,auto,,,2.54,auto
3J0A3500.JPG,c3c6994a8b,328.22663796851,996.0618833471002,,149.46888235462455,0.0859231913919413,0.0469322344322344,4.874368190765381,0.4594070017337799,0.6155878305435181,,,,-7.932758314172064,0.1134905115935157,0.8029969906263779,0.1115220066391941,1.0,0.8029969906263779,0.9933572287087912,0.4350155144929886,0.5,0.7129546843495742,event,,,,,,,,,,,,
3J0A5978.JPG,c3c6994a8b,989.097893479584,1547.8362635141048,,160.74445362580127,0.0003219436813186,0.0055088141025641,4.711588382720947,0.6239498257637024,0.9689390063285828,,,,-2.0247650815610374,0.1338812520787563,0.8717346784504404,0.0335987580128205,1.0,0.8717346784504404,0.999708462110806,0.5056597973619188,0.5,0.800703577452729,landscape,,,,,,,,,,,,
3J0A3500.JPG,caec5d970e,328.22663796851,996.0618833471002,,149.46888235462455,0.0859231913919413,0.0469322344322344,4.874368190765381,0.4594070017337799,0.6155878305435181,,,,-7.932758314172064,0.1134905115935157,0.8029969906263779,0.1115220066391941,1.0,0.8029969906263779,0.9933572287087912,0.4350155144929886,0.5,0.7129546843495742,event,5.0,auto,5.0,auto,3.97,auto,2.78,auto,,,1.0,auto
3J0A5978.JPG,caec5d970e,989.097893479584,1547.8362635141048,,160.74445362580127,0.0003219436813186,0.0055088141025641,4.711588382720947,0.6239498257637024,0.9689390063285828,,,,-2.0247650815610374,0.1338812520787563,0.8717346784504404,0.0335987580128205,1.0,0.8717346784504404,0.999708462110806,0.5056597973619188,0.5,0.800703577452729,landscape,5.0,auto,5.0,auto,2.94,auto,5.0,auto,,,2.54,auto
3J0A6108.JPG,caec5d970e,729.4079036409165,1113.7896998636154,,197.72402951865843,0.4293655563186813,0.0067608173076923,4.849243640899658,0.5672974586486816,0.9736360907554626,,,,0.0,0.0782288033100242,1.0,0.0097591861263736,1.0,1.0,0.9781936813186812,0.487166132245745,0.5,0.8174302693251726,landscape,5.0,auto,1.0,auto,3.97,auto,2.78,auto,,,2.54,auto
c1690c4dacd441a78f4a0155f24aaf83.JPG,goldenset_warmstart,60.809991694355446,632.2434984359993,,68.84709249084248,0.0197816506410256,3.577152014652015e-05,5.387229919433594,0.6074678301811218,0.9208417534828186,,,,,0.1584690441408318,0.5153669549627485,0.0453504178113553,1.0,0.5153669549627485,0.9990091288919414,0.5456789093358176,0.5,0.7392949441048924,landscape,5.0,goldenset_v2,5.0,goldenset_v2,3.61,goldenset_v2,5.0,goldenset_v2,5.0,goldenset,2.54,goldenset_v2
c7dec69d2d2e4acfaa6cd4943f252b93.JPG,goldenset_warmstart,39.001484853550416,407.77803132638894,,48.01013621794872,0.0483988667582417,0.5907308836996337,5.193116664886475,0.7324477434158325,0.6089258790016174,,,,12.127091034930103,0.1348161003398146,0.677552350942267,0.0686813186813186,1.0,0.677552350942267,0.9680435124771064,0.5943036334855216,0.5,0.8240249779556849,wildlife,5.0,goldenset_v2,5.0,goldenset_v2,3.97,goldenset_v2,3.22,goldenset_v2,5.0,goldenset,2.54,goldenset_v2
20210801-3J0A8098.JPG,goldenset_warmstart,96.70636803827286,687.1467684819365,,39.96661980597528,0.0003219436813186,0.0,5.250566482543945,0.6770609021186829,0.6825259327888489,,,,-8.989248540601558,0.0689510189220535,0.5806450875639065,0.0849316048534798,1.0,0.5806450875639065,0.699983902815934,0.5707137712410518,0.5,0.698804240886231,landscape,4.43,goldenset_v2,5.0,goldenset_v2,3.97,goldenset_v2,5.0,goldenset_v2,5.0,goldenset,2.54,goldenset_v2
e581f34b4e624649a71de13394fa8dcd.JPG,goldenset_warmstart,14.865261183472434,55.48164911956708,,63.160962540064105,0.0,0.0,5.565929889678955,0.678556501865387,0.8432416915893555,,,,13.077417690133426,0.1290888454726236,0.2844968341820621,0.1918151184752747,1.0,0.2844968341820621,1.0,0.5939875287669045,0.5,0.7053962490281386,landscape,3.86,goldenset_v2,5.0,goldenset_v2,2.68,goldenset_v2,5.0,goldenset_v2,3.0,goldenset,5.0,goldenset_v2
20210801-3J0A8241 2.JPG,goldenset_warmstart,40.43901026311396,154.8540829960421,,88.94136225103021,0.0,0.2413146749084249,5.726413249969482,0.7746184468269348,0.8446161150932312,,,,,0.0881800664027346,0.6807527849347419,0.142886475503663,1.0,0.6807527849347419,0.9879342662545788,0.6534815984112876,0.5,0.7971078098406861,landscape,5.0,goldenset_v2,5.0,goldenset_v2,5.0,goldenset_v2,3.22,goldenset_v2,5.0,goldenset,5.0,goldenset_v2
20210801-3J0A8241.JPG,goldenset_warmstart,40.43901026311396,154.8540829960421,,88.94136225103021,0.0,0.2413146749084249,5.726413249969482,0.7746184468269348,0.8446161150932312,,,,,0.0881800664027346,0.6807527849347419,0.142886475503663,1.0,0.6807527849347419,0.9879342662545788,0.6534815984112876,0.5,0.7971078098406861,landscape,5.0,goldenset_v2,5.0,goldenset_v2,5.0,goldenset_v2,3.22,goldenset_v2,5.0,goldenset,5.0,goldenset_v2
dca6c999bf1e4945bd7d6a9cbb50157f.JPG,goldenset_warmstart,7.459743062915083,45.694401482763865,,49.96663733402015,0.0,0.0056519001831501,5.783535957336426,0.7108649015426636,0.8032102584838867,,,,,0.1166305193127397,0.6138105427935535,0.0806211366758241,1.0,0.6138105427935535,0.9997174049908424,0.6256850191525051,0.5,0.7791268443450055,landscape,3.86,goldenset_v2,5.0,goldenset_v2,5.0,goldenset_v2,5.0,goldenset_v2,3.0,goldenset,5.0,goldenset_v2
9aba0bac8774495b84151b81a427dd5c.JPG,goldenset_warmstart,166.81663517362466,30.079026671118022,,85.77078039148351,0.0081559065934065,0.3405091002747252,5.768606185913086,0.7200127840042114,0.9780915379524232,,,,-1.7837436012565813,0.1048612595654374,0.9415029186695588,0.0320591517857142,1.0,0.9415029186695588,0.9825667496565934,0.6291925481387547,0.5,0.8421120706999191,landscape,3.86,goldenset_v2,5.0,goldenset_v2,3.97,goldenset_v2,3.22,goldenset_v2,3.0,goldenset,5.0,goldenset_v2
3J0A5457.JPG,goldenset_warmstart,76.38815497652351,530.502891152312,,73.87251316391941,3.577152014652015e-05,8.127825950091575,5.264983177185059,0.7722821235656738,0.7740094661712646,,,,-1.4763685098130983,0.1045134521115115,0.9423212891493846,0.0903481284340659,1.0,0.9423212891493846,0.593606913919414,0.6193541458674839,0.5,0.7620241770806307,landscape,5.0,goldenset_v2,5.0,goldenset_v2,5.0,goldenset_v2,3.22,goldenset_v2,3.0,goldenset,2.54,goldenset_v2
3J0A6356.jpg,goldenset_warmstart,235.81710678465723,304.48158900438773,,183.13463327037545,0.0346983745421245,0.0,4.2294487953186035,0.5456215143203735,0.9427580237388612,,,,0.0,0.1422818075716137,0.6336364260493308,0.3452155591804029,1.0,0.6336364260493308,0.9982650812728938,0.4320570996829441,0.5,0.8362600531171699,stilllife,5.0,goldenset_v2,5.0,goldenset_v2,5.0,goldenset_v2,5.0,goldenset_v2,1.0,goldenset,1.0,goldenset_v2
3J0A6359.jpg,goldenset_warmstart,561.455132419059,632.4047656490199,,176.8657240871108,0.0,0.0949018429487179,4.435570240020752,0.4135923981666565,0.9352195858955384,,,,7.657709693713878,0.1507949007129913,0.5835594075706393,0.7711717319139194,1.0,0.5835594075706393,0.995254907852564,0.3807655019419533,0.5,0.8179198243314304,stilllife,5.0,goldenset_v2,5.0,goldenset_v2,3.97,goldenset_v2,5.0,goldenset_v2,1.0,goldenset,1.0,goldenset_v2
3J0A6363.jpg,goldenset_warmstart,141.322179262209,575.0602027073124,,173.25256517570972,4.269295157967033,0.3087439903846153,4.66044807434082,0.4944535791873932,0.9911189675331116,,,,-2.757107603847919,0.136632195490952,0.6668694382885175,0.1316975017170329,1.0,0.6668694382885175,0.7710980425824177,0.4372587949037552,0.5,0.7896982818773474,stilllife,5.0,goldenset_v2,5.0,goldenset_v2,3.97,goldenset_v2,1.0,goldenset_v2,1.0,goldenset,1.0,goldenset_v2
3J0A6364.jpg,goldenset_warmstart,127.71104621642854,592.3763540399059,,170.5979223901099,7.665157108516484,0.1412259615384615,4.879181861877441,0.5147074460983276,0.9870564937591552,,,,-3.510678430267298,0.107597833685946,0.8376598018473763,0.1296495821886447,1.0,0.8376598018473763,0.6096808464972527,0.4630095703261239,0.5,0.8018686306948323,stilllife,5.0,goldenset_v2,5.0,goldenset_v2,3.97,goldenset_v2,2.78,goldenset_v2,1.0,goldenset,1.0,goldenset_v2
3J0A6365.jpg,goldenset_warmstart,125.92531549448694,529.7718594995632,,157.93768207703755,4.065254407051282,0.2635645604395604,4.728865146636963,0.5055096745491028,0.980864942073822,,,,,0.1114900467151274,0.8147644310874855,0.1270997882326007,1.0,0.8147644310874855,0.7835590516254579,0.4476737763200487,0.5,0.8377027810486125,stilllife,5.0,goldenset_v2,5.0,goldenset_v2,5.0,goldenset_v2,1.0,goldenset_v2,1.0,goldenset,1.0,goldenset_v2
3J0A6366.jpg,goldenset_warmstart,104.84521255232318,543.6918329274919,,143.70307420444138,0.0,0.1693066048534798,4.976644039154053,0.4751807153224945,0.9843515157699584,,,,,0.137958388053589,0.6590683055671234,0.1233015682234432,1.0,0.6590683055671234,0.991534669757326,0.4502077890293938,0.5,0.8431145485609381,stilllife,5.0,goldenset_v2,5.0,goldenset_v2,5.0,goldenset_v2,5.0,goldenset_v2,1.0,goldenset,1.0,goldenset_v2
3J0A6367.jpg,goldenset_warmstart,168.62155160559385,668.1185936742431,,147.04746809180403,0.0,0.4516512133699633,4.8424272537231445,0.3625141084194183,0.9888912439346312,,,,,0.1413717436924683,0.6389897429854804,0.1350643171932234,1.0,0.6389897429854804,0.9774174393315018,0.3842875723327909,0.5,0.8302656613451591,stilllife,5.0,goldenset_v2,5.0,goldenset_v2,5.0,goldenset_v2,3.22,goldenset_v2,1.0,goldenset,1.0,goldenset_v2
3J0A1767-已增强-降噪.jpg,goldenset_warmstart,1076.484907319773,341.1479172239842,,102.06480547447345,0.4850975847069597,0.0493646978021978,5.291196346282959,0.6877164840698242,0.9997616410255432,,,,-7.556344056439461,0.0711849904899675,1.0,0.284955571771978,1.0,1.0,0.973276885874542,0.5789436953408378,0.5,0.7538859024152651,event,5.0,goldenset_v2,5.0,goldenset_v2,3.97,goldenset_v2,2.78,goldenset_v2,5.0,goldenset,2.54,goldenset_v2
3J0A1777-已增强-降噪.jpg,goldenset_warmstart,538.8268611748663,1752.9368127813586,,132.06123762305404,0.1307806776556776,0.1363968063186813,5.527040481567383,0.6467338800430298,0.9997995495796204,,,,-6.030103228104359,0.1312382674981889,0.6985984264812415,0.1103887648809523,1.0,0.6985984264812415,0.986641125801282,0.5752984029906136,0.5,0.7103157731414399,event,5.0,goldenset_v2,5.0,goldenset_v2,3.97,goldenset_v2,2.78,goldenset_v2,5.0,goldenset,5.0,goldenset_v2
3J0A1785.jpg,goldenset_warmstart,676.4531937114855,1102.733612591573,,134.4071782709478,0.4395962110805861,0.1836867559523809,4.972504138946533,0.7782942056655884,0.9999631643295288,,,,-2.0333156694143883,0.1104496582300005,0.8208843633529381,0.0831011761675824,1.0,0.8208843633529381,0.9688358516483516,0.6014688270432609,0.5,0.7286049149545195,event,5.0,goldenset_v2,5.0,goldenset_v2,3.97,goldenset_v2,2.78,goldenset_v2,1.0,goldenset,2.54,goldenset_v2
3J0A1798-已增强-降噪.jpg,goldenset_warmstart,868.916000321655,900.7472721758736,,100.56976519574177,1.9766984317765568,7.15430402930403e-05,5.020101547241211,0.7082679271697998,0.9990333318710328,,,,-4.316027519865624,0.1338922471711355,0.6829867813462613,0.046448245764652,1.0,0.6829867813462613,0.9011615012591576,0.5698555026735579,0.5,0.6946077926581686,event,5.0,goldenset_v2,5.0,goldenset_v2,2.94,goldenset_v2,2.78,goldenset_v2,5.0,goldenset,2.54,goldenset_v2
3J0A1925-已增强-RD.jpg,goldenset_warmstart,1309.067323708763,2908.9274297881175,,163.60663382841116,0.0971912202380952,0.0561612866300366,5.704658508300781,0.6763346791267395,0.7898145318031311,,,,-2.059854256730818,0.0532690651550076,1.0,0.0607411143543956,1.0,1.0,0.9923323746565934,0.6027858044419969,0.5,0.7591284366426887,event,5.0,goldenset_v2,5.0,goldenset_v2,3.97,goldenset_v2,2.78,goldenset_v2,5.0,goldenset,5.0,goldenset_v2
3J0A1977-已增强-SR.jpg,goldenset_warmstart,772.6109539472811,1011.0388016228252,,102.38664041037087,0.0138793498168498,0.0806647779304029,5.339583396911621,0.6501299142837524,0.9998363256454468,,,,-3.033423563560497,0.0993658880461537,0.886083011493213,0.2376938816391941,1.0,0.886083011493213,0.9952727936126372,0.5636066283498491,0.5,0.7385640336008624,event,5.0,goldenset_v2,5.0,goldenset_v2,3.97,goldenset_v2,5.0,goldenset_v2,5.0,goldenset,2.54,goldenset_v2
3J0A2177-已增强-SR.jpg,goldenset_warmstart,593.5649666116955,1697.031829414486,,135.45973414606226,0.0113395718864468,0.2192436469780219,5.162820816040039,0.7135957479476929,0.9998927116394044,,,,-8.640422649906462,0.0903617590002719,0.9390484764689886,0.068620864812271,1.0,0.9390484764689886,0.9884708390567766,0.582713646548135,0.5,0.7473992619836782,event,5.0,goldenset_v2,5.0,goldenset_v2,3.97,goldenset_v2,3.22,goldenset_v2,5.0,goldenset,2.54,goldenset_v2
3J0A2206-已增强-SR.jpg,goldenset_warmstart,751.7525763897341,1692.0664624418505,,145.9630118904533,0.1724902701465201,0.0120192307692307,5.363363265991211,0.6611510515213013,0.9996883869171144,,,,-10.199329498712506,0.1178718367658197,0.7772244896128253,0.0658092233287545,1.0,0.7772244896128253,0.9907745249542124,0.5708157590457371,0.5,0.7222814280896294,event,5.0,goldenset_v2,5.0,goldenset_v2,3.97,goldenset_v2,2.78,goldenset_v2,5.0,goldenset,2.54,goldenset_v2
3J0A2208-已增强-降噪.jpg,goldenset_warmstart,466.7992709162018,717.7574351141408,,134.67461796016482,0.0363080929487179,0.1674464858058608,5.144215106964111,0.665655791759491,0.9997010827064514,,,,-3.305830231549703,0.0845357665866644,0.9733190200784446,0.0410986149267399,1.0,0.9733190200784446,0.9898122710622712,0.5574146892343248,0.5,0.7502111625945398,event,5.0,goldenset_v2,5.0,goldenset_v2,2.94,goldenset_v2,5.0,goldenset_v2,5.0,goldenset,2.54,goldenset_v2
3J0A2248-已增强-SR.jpg,goldenset_warmstart,819.1570449219541,4760.639329505627,,161.68417395614995,0.3369215058117378,0.0151099228277439,5.496751308441162,0.5402776002883911,0.9998927116394044,,,,2.917890771786359,0.1016025390225058,0.872926241044083,0.1063463164538872,1.0,0.872926241044083,0.982398428568026,0.5199067507471358,0.5,0.73028937551653,event,5.0,goldenset_v2,5.0,goldenset_v2,3.97,goldenset_v2,2.78,goldenset_v2,5.0,goldenset,1.0,goldenset_v2
3J0A2287.jpg,goldenset_warmstart,475.22955943837746,1883.0202516471911,,143.93806697859432,0.2494705815018315,0.4301883012820513,4.996769905090332,0.4778527617454529,0.9444822669029236,,,,5.000644597558433,0.0751596262912434,1.0,0.1057635073260073,1.0,1.0,0.966017055860806,0.4529813740934644,0.5,0.7402006957884674,event,5.0,goldenset_v2,5.0,goldenset_v2,3.97,goldenset_v2,1.0,goldenset_v2,3.0,goldenset,1.0,goldenset_v2
3J0A2426-已增强-降噪.jpg,goldenset_warmstart,785.9605258680439,1403.2513758235068,,137.6023673592033,0.0450005723443223,0.3479495764652014,5.747888565063477,0.6579641103744507,0.9978712797164916,,,,6.749209208914168,0.1002668377719548,0.880783307223795,0.1446864983974359,1.0,0.880783307223795,0.9803524925595238,0.596688381263188,0.5,0.7388392080938166,event,5.0,goldenset_v2,5.0,goldenset_v2,3.97,goldenset_v2,3.22,goldenset_v2,5.0,goldenset,5.0,goldenset_v2
3J0A2508-已增强-降噪.jpg,goldenset_warmstart,939.3469406012944,2579.7081869189483,,161.15664670615843,1.02374513507326,0.5175423534798534,5.569046974182129,0.6432653665542603,0.9994921684265136,,,,9.146167595300088,0.0469498095104029,1.0,0.0502321571657509,1.0,1.0,0.9229356255723444,0.576564610004425,0.5,0.7460968048362941,event,5.0,goldenset_v2,5.0,goldenset_v2,3.97,goldenset_v2,1.0,goldenset_v2,5.0,goldenset,5.0,goldenset_v2
3J0A2705-已增强-降噪.jpg,goldenset_warmstart,944.6301324351352,1019.395778141528,,132.91229002117674,2.18267084478022,0.0487565819597069,5.173247337341309,0.5634695291519165,0.9999339580535888,,,,-4.011960176825556,0.05005919403095,1.0,0.1391029218177655,1.0,1.0,0.8884286286630036,0.508395288671766,0.5,0.7341038231666271,event,5.0,goldenset_v2,5.0,goldenset_v2,3.97,goldenset_v2,2.78,goldenset_v2,5.0,goldenset,2.54,goldenset_v2
3J0A2854.jpg,goldenset_warmstart,750.1915994330686,1286.7367607374874,,173.0947981055403,19.114154075091573,0.0314789377289377,5.037758827209473,0.5713102221488953,0.5539047122001648,,,,6.0284301758560535,0.0749693776561872,1.0,0.4219354538690476,1.0,1.0,0.4984260531135531,0.5026378844465529,0.5,0.6750276964116882,event,5.0,goldenset_v2,5.0,goldenset_v2,3.97,goldenset_v2,2.78,goldenset_v2,5.0,goldenset,2.54,goldenset_v2
3J0A2899-已增强-SR.jpg,goldenset_warmstart,409.5515347161115,1462.4514861058883,,154.500046145261,0.0607758127289377,0.2445698832417582,5.392624855041504,0.5475702285766602,0.9993304014205932,,,,-7.738026245238949,0.0707463407781856,1.0,0.0989443824404762,1.0,1.0,0.9847327152014652,0.5161154610770089,0.5,0.7493214533879207,event,5.0,goldenset_v2,5.0,goldenset_v2,3.97,goldenset_v2,1.0,goldenset_v2,5.0,goldenset,1.0,goldenset_v2
3J0A3009-已增强-降噪.jpg,goldenset_warmstart,747.0929678255743,1362.8994324116425,,145.7701522435897,0.1029146634615384,3.577152014652015e-05,4.727533340454102,0.5431873202323914,0.956850528717041,,,,5.142764557884242,0.0966821825901368,0.9018695141756656,0.0839296445741758,1.0,0.9018695141756656,0.9948524782509158,0.4664174701486315,0.5,0.7311500458788504,event,5.0,goldenset_v2,5.0,goldenset_v2,3.97,goldenset_v2,2.78,goldenset_v2,5.0,goldenset,1.0,goldenset_v2
3J0A8330.JPG,goldenset_warmstart,10.824136117720773,10.815772599549137,,164.50739003834707,0.0,0.0025040064102564,4.524497985839844,0.4561711847782135,0.6226850152015686,,,,,0.1437055902762837,0.6252612336689192,0.1436076293498168,0.3605257533183045,0.6252612336689192,0.9998747996794872,0.4084068770919527,0.5,0.5809993327084527,portrait,3.86,goldenset_v2,5.0,goldenset_v2,5.0,goldenset_v2,5.0,goldenset_v2,5.0,goldenset,1.0,goldenset_v2
3J0A8530.JPG,goldenset_warmstart,162.89324056531262,870.6148903350644,,131.488428628663,0.0,0.0,5.292581558227539,0.492079347372055,0.9927828311920166,,,,,0.2369378745198779,0.3307344128944049,0.0001184037316849,1.0,0.3307344128944049,1.0,0.4812240707022803,0.5,0.686452900254451,landscape,5.0,goldenset_v2,1.0,goldenset_v2,1.0,goldenset_v2,5.0,goldenset_v2,1.0,goldenset,1.0,goldenset_v2
3J0A8732.JPG,goldenset_warmstart,1117.4035151189678,2116.704678902274,,129.1577781593407,0.0029332646520146,0.0,4.805184364318848,0.5694491267204285,0.9663192629814148,,,,-1.0341075448834438,0.1139079080773733,0.9202166868767688,0.0007576407967032,1.0,0.9202166868767688,0.9998533367673992,0.4850948750972748,0.5,0.8052877235031524,landscape,5.0,goldenset_v2,1.0,goldenset_v2,3.97,goldenset_v2,5.0,goldenset_v2,5.0,goldenset,2.54,goldenset_v2
3J0A8932.JPG,goldenset_warmstart,96.0468178342198,473.695920233446,,159.14181189903846,0.0,0.0,5.097138404846191,0.4733769297599792,0.9547256231307985,,,,,0.0891925215876608,0.6783705374407981,0.0490152100503663,1.0,0.6783705374407981,1.0,0.4579126366547176,0.5,0.7501522666518391,landscape,5.0,goldenset_v2,5.0,goldenset_v2,3.61,goldenset_v2,5.0,goldenset_v2,1.0,goldenset,1.0,goldenset_v2
3J0A9135.JPG,goldenset_warmstart,859.9317926139755,1402.7524677606243,,116.51425065819598,0.0392771291208791,0.0,5.066594123840332,0.4951630532741546,0.8127484917640686,,,,0.0,0.0256866420348711,1.0,0.0901810754349816,1.0,1.0,0.998036143543956,0.4666239640542439,0.5,0.8162632197223522,landscape,5.0,goldenset_v2,5.0,goldenset_v2,5.0,goldenset_v2,5.0,goldenset_v2,3.0,goldenset,1.0,goldenset_v2
3J0A9336.JPG,goldenset_warmstart,82.29205499166765,35.045811895498275,,105.57995936355312,0.3548177083333333,0.0,4.893152713775635,0.3905046284198761,0.5727245807647705,,,,,0.0846688811876086,0.6890143972056268,0.0162510016025641,1.0,0.6890143972056268,0.9822591145833334,0.4019060794796262,0.5,0.7347312222276986,landscape,3.86,goldenset_v2,1.0,goldenset_v2,3.61,goldenset_v2,2.78,goldenset_v2,5.0,goldenset,1.0,goldenset_v2
3J0A9539.JPG,goldenset_warmstart,130.80400281364166,245.95469637721564,,112.28699347527473,0.1734918727106227,0.0002504006410256,5.299036502838135,0.4589509963989258,0.7109421491622925,,,,0.3580939593235711,0.1225954989047384,0.899775296694733,0.0957975618131868,1.0,0.899775296694733,0.9913128863324177,0.4651209626879011,0.5,0.7944978772774054,street,5.0,goldenset_v2,5.0,goldenset_v2,5.0,goldenset_v2,2.78,goldenset_v2,5.0,goldenset,1.0,goldenset_v2
3J0A9742.JPG,goldenset_warmstart,1368.4299963556284,853.0191360767071,,112.74754178113552,0.0236807463369963,0.0020389766483516,5.767433166503906,0.5301615595817566,0.8734870553016663,,,,1.5565674713398678,0.0442435131258089,1.0,0.0175219637133699,1.0,1.0,0.9987140138507328,0.5341831488268716,0.5,0.8332885899768645,landscape,5.0,goldenset_v2,1.0,goldenset_v2,3.97,goldenset_v2,5.0,goldenset_v2,3.0,goldenset,3.46,goldenset_v2
3J0A1701.JPG,goldenset_warmstart,327.0769874627802,676.8826384629572,,82.19174464858058,0.2748683608058608,0.0,4.424874782562256,0.5050844550132751,0.9942492246627808,,,,-2.6275615428560375,0.116857468906528,0.7831913593733644,0.0854996565934066,1.0,0.7831913593733644,0.986256581959707,0.4257475691182273,0.5,0.771464345178437,portrait,5.0,goldenset_v2,5.0,goldenset_v2,3.97,goldenset_v2,2.78,goldenset_v2,3.0,goldenset,1.0,goldenset_v2
3J0A1836.JPG,goldenset_warmstart,633.1024917559542,796.4500102763659,,152.1447025955815,0.3455171130952381,0.0024682348901098,4.889186859130859,0.4777491092681885,0.99628347158432,,,,-0.4511385467872811,0.0989742283117933,0.8883868922835687,0.2163050165979853,1.0,0.8883868922835687,0.9826007326007328,0.4452450445720127,0.5,0.7937220294340616,portrait,5.0,goldenset_v2,5.0,goldenset_v2,5.0,goldenset_v2,2.78,goldenset_v2,1.0,goldenset,1.0,goldenset_v2
3J0A1968.JPG,goldenset_warmstart,102.2184627545856,163.36849246141125,,222.51861907623623,34.220145089285715,0.0,4.387756824493408,0.2131799012422561,0.936278223991394,,,,,0.0454928406763864,1.0,0.163193609775641,1.0,1.0,0.2,0.2771440095135143,0.5,0.6427144009513515,portrait,3.86,goldenset_v2,5.0,goldenset_v2,5.0,goldenset_v2,2.78,goldenset_v2,1.0,goldenset,1.0,goldenset_v2
3J0A2099.JPG,goldenset_warmstart,852.55846122941,768.6779732215316,,57.82010180574634,0.0336610004578754,0.4539405906593406,5.079704284667969,0.7035927772521973,0.5265024900436401,,,,5.530187290345859,0.1301711089571705,0.704875829663703,0.1382719494047619,1.0,0.704875829663703,0.9756199204441393,0.571775266102382,0.5,0.7682766766318067,portrait,5.0,goldenset_v2,5.0,goldenset_v2,3.97,goldenset_v2,3.22,goldenset_v2,5.0,goldenset,2.54,goldenset_v2
3J0A2230.JPG,goldenset_warmstart,353.7526664068748,433.78146624456696,,100.85550559466576,1.212726076007326,0.0029332646520146,4.521576404571533,0.4239401221275329,0.9875867366790771,,,,-0.98776039963981,0.0682560612385376,1.0,0.1096447172619047,1.0,1.0,0.939217032967033,0.3920826613903045,0.5,0.802051672732437,portrait,5.0,goldenset_v2,5.0,goldenset_v2,5.0,goldenset_v2,2.78,goldenset_v2,5.0,goldenset,1.0,goldenset_v2
3J0A2361.JPG,goldenset_warmstart,819.653405909834,1548.860422845431,,139.38723779475734,0.1078153617216117,0.002825950091575,4.542726516723633,0.5218149423599243,0.9600332379341124,,,,3.03606176526627,0.1204720620864319,0.7619290465504004,0.3182331015338828,1.0,0.7619290465504004,0.9944679344093406,0.4425307938030788,0.5,0.7705324755722561,portrait,5.0,goldenset_v2,5.0,goldenset_v2,3.97,goldenset_v2,2.78,goldenset_v2,1.0,goldenset,1.0,goldenset_v2
3J0A2491.JPG,goldenset_warmstart,873.017536240968,703.0636179229169,,58.6432874742445,0.3840430402930402,1.252325148809524,4.683575630187988,0.4597839415073395,0.7110283374786377,,,,0.4939168986187557,0.0486140511780894,1.0,0.1205958104395604,1.0,1.0,0.9181815905448718,0.4215759443385261,0.5,0.800793912542827,portrait,5.0,goldenset_v2,5.0,goldenset_v2,5.0,goldenset_v2,1.0,goldenset_v2,5.0,goldenset,1.0,goldenset_v2
3J0A2621.JPG,goldenset_warmstart,2244.4173676084733,2591.690142973768,,113.68409777071886,0.1754593063186813,0.7496279761904762,4.404073715209961,0.5853742361068726,0.4297897815704345,,,,3.4848624439094613,0.0993769334158326,0.886018038730396,0.2439327924679487,1.0,0.886018038730396,0.953745635874542,0.464406669139862,0.5,0.7893934018349739,portrait,5.0,goldenset_v2,5.0,goldenset_v2,3.97,goldenset_v2,1.0,goldenset_v2,5.0,goldenset,2.54,goldenset_v2
3J0A2751.JPG,goldenset_warmstart,33.28129071825745,80.78990225445243,,116.87301289205584,0.0964042467948718,0.0,4.627429485321045,0.5216490030288696,0.975195586681366,,,,,0.1404588631642151,0.6443596284457933,0.3411715888278388,1.0,0.6443596284457933,0.9951797876602564,0.4484980361802237,0.5,0.8395277372578133,stilllife,5.0,goldenset_v2,5.0,goldenset_v2,5.0,goldenset_v2,2.78,goldenset_v2,3.0,goldenset,1.0,goldenset_v2
3J0A3240.JPG,goldenset_warmstart,49.61921199348101,67.4822925933363,,116.42989139766485,0.4188129578754578,0.0168483859890109,5.105504035949707,0.2948843538761139,0.6882864236831665,,,,-2.161094977582673,0.0927821006911353,0.924811172405086,0.1883102249313187,1.0,0.924811172405086,0.9782169328067766,0.3692638937916074,0.5,0.7223806051609402,event,5.0,goldenset_v2,5.0,goldenset_v2,3.97,goldenset_v2,2.78,goldenset_v2,5.0,goldenset,1.0,goldenset_v2
3J0A3370.JPG,goldenset_warmstart,230.57157379069724,559.1312291011754,,132.30275691105768,7.426274896978022,0.1952409569597069,5.488472938537598,0.5248674750328064,0.6462243795394897,,,,13.506355412582366,0.0838058246612751,0.3910451184440585,0.361836438301282,1.0,0.3910451184440585,0.6189242073031135,0.5116103759833744,0.5,0.629896459145278,landscape,5.0,goldenset_v2,5.0,goldenset_v2,2.68,goldenset_v2,2.78,goldenset_v2,5.0,goldenset,1.0,goldenset_v2
3J0A3500.JPG,goldenset_warmstart,328.22663796851,996.0618833471002,,149.46888235462455,0.0859231913919413,0.0469322344322344,4.874368190765381,0.4594070017337799,0.6155878305435181,,,,-7.932758314172064,0.1134905115935157,0.8029969906263779,0.1115220066391941,1.0,0.8029969906263779,0.9933572287087912,0.4350155144929886,0.5,0.7129546843495742,event,5.0,goldenset_v2,5.0,goldenset_v2,3.97,goldenset_v2,2.78,goldenset_v2,3.0,goldenset,1.0,goldenset_v2
3J0A3630.JPG,goldenset_warmstart,262.7959416522878,278.5160668948804,,143.48863503033425,5.22943853021978,0.1105697687728937,4.812093734741211,0.4032674729824066,0.8696442246437073,,,,,0.0879421043914846,0.95328173887362,0.3737032823946886,1.0,0.95328173887362,0.7329995850503662,0.4024975746870041,0.5,0.7525060222534976,portrait,5.0,goldenset_v2,5.0,goldenset_v2,5.0,goldenset_v2,2.78,goldenset_v2,5.0,goldenset,1.0,goldenset_v2
3J0A3760.JPG,goldenset_warmstart,172.27061190091325,1.942021442394587,,165.95349344665752,6.20600103021978,0.048899668040293,5.014884948730469,0.4597730040550232,0.5086655616760254,,,,,0.0105131103984085,0.7,0.0529819139194139,0.0647340480798195,0.7,0.6872549650869964,0.4452354269368308,0.5,0.4549433617715618,landscape,2.71,goldenset_v2,5.0,goldenset_v2,5.0,goldenset_v2,2.78,goldenset_v2,5.0,goldenset,1.0,goldenset_v2
3J0A3890.JPG,goldenset_warmstart,33.766082157447286,58.87312336262379,,138.68023695054944,0.0011089171245421,0.0,5.008473873138428,0.5973928570747375,0.7706497311592102,,,,,0.0904712604811477,0.6753617400443581,0.0167285513965201,1.0,0.6753617400443581,0.9999445541437728,0.5135874194758279,0.5,0.7634581137065832,landscape,3.86,goldenset_v2,1.0,goldenset_v2,3.61,goldenset_v2,5.0,goldenset_v2,3.0,goldenset,2.54,goldenset_v2
3J0A4020.JPG,goldenset_warmstart,92.60281378750396,1642.6009690218457,,154.84400540865386,0.0,0.0246465773809523,5.306330680847168,0.4558065831661224,0.5929426550865173,,,,,0.1616324142519379,0.5079237311719108,0.0495585794413919,1.0,0.5079237311719108,0.9987676711309524,0.4640697687864303,0.5,0.7173557226571803,landscape,5.0,goldenset_v2,5.0,goldenset_v2,3.61,goldenset_v2,5.0,goldenset_v2,3.0,goldenset,1.0,goldenset_v2
3J0A4150.JPG,goldenset_warmstart,166.12908792538133,2682.362156401148,,133.98139451694138,0.6913203983516483,0.0456444597069597,5.185596466064453,0.6424345970153809,0.8367259502410889,,,,,0.1340868865471409,0.572736737536139,0.0557906936813186,1.0,0.572736737536139,0.9631517570970696,0.54875990322658,0.5,0.7443676747332867,landscape,5.0,goldenset_v2,5.0,goldenset_v2,5.0,goldenset_v2,2.78,goldenset_v2,5.0,goldenset,2.54,goldenset_v2
3J0A4281.JPG,goldenset_warmstart,213.01738424336028,376.75403741598274,,78.47687478537088,6.940283024267399,5.120299622252747,4.792290687561035,0.598274827003479,0.48989337682724,,,,-4.490451921116328,0.0911172603443039,0.9346043509158592,0.1334771348443223,1.0,0.9346043509158592,0.3969708676739926,0.4985867483275277,0.5,0.6911737185507232,portrait,5.0,goldenset_v2,5.0,goldenset_v2,3.97,goldenset_v2,1.0,goldenset_v2,3.0,goldenset,2.54,goldenset_v2
3J0A4411.JPG,goldenset_warmstart,55.40914223859816,4.666159334126041,,128.78751752804487,0.0,0.0,4.933551788330078,0.401661068201065,0.8696015477180481,,,,0.0,0.3011794779243686,0.6,5.186870421245421e-05,0.155538644470868,0.6,1.0,0.4103699475526809,0.5,0.5114771480058873,landscape,2.71,goldenset_v2,1.0,goldenset_v2,3.32,goldenset_v2,5.0,goldenset_v2,5.0,goldenset,1.0,goldenset_v2
3J0A4546.JPG,goldenset_warmstart,392.1372398653779,654.4002472379264,,123.82445233802656,0.2663189674908425,0.0947587568681318,4.8467230796813965,0.6135017275810242,0.8221098780632019,,,,,0.1010943638338666,0.8759155068596077,0.2415221497252747,1.0,0.8759155068596077,0.9819461137820512,0.5100882266248976,0.5,0.7975811467908216,portrait,5.0,goldenset_v2,5.0,goldenset_v2,5.0,goldenset_v2,2.78,goldenset_v2,5.0,goldenset,2.54,goldenset_v2
3J0A4676.JPG,goldenset_warmstart,63.64103881574272,306.2524572205591,,148.58856062557234,0.1363968063186813,0.1192980196886447,4.985333442687988,0.5189398527145386,0.4658214747905731,,,,,0.028240537575549,1.0,0.1401964571886446,1.0,1.0,0.9872152586996336,0.4727080294064113,0.5,0.8197138546805679,portrait,5.0,goldenset_v2,5.0,goldenset_v2,5.0,goldenset_v2,2.78,goldenset_v2,5.0,goldenset,1.0,goldenset_v2
3J0A4806.JPG,goldenset_warmstart,271.8354597230097,468.4568937523749,,145.0268762162317,0.004614526098901,0.3466260302197802,5.096035957336426,0.6478098630905151,0.5161283612251282,,,,-5.612203229324873,0.0428063932357143,1.0,0.3805113181089744,1.0,1.0,0.982437972184066,0.545050357069288,0.5,0.825992630143742,portrait,5.0,goldenset_v2,5.0,goldenset_v2,3.97,goldenset_v2,3.22,goldenset_v2,5.0,goldenset,2.54,goldenset_v2
3J0A4936.JPG,goldenset_warmstart,50.59369848887996,60.685261276791046,,100.93682248740842,0.0001073145604395,0.3536372481684982,5.120537757873535,0.6255426406860352,0.4699237942695617,,,,,0.0369792291662306,1.0,0.1360580500228937,1.0,1.0,0.982312771863553,0.5356668744768416,0.5,0.7509136032272171,event,5.0,goldenset_v2,5.0,goldenset_v2,5.0,goldenset_v2,3.22,goldenset_v2,5.0,goldenset,2.54,goldenset_v2
3J0A5066.JPG,goldenset_warmstart,1764.4913465530635,2838.1504333410985,,122.4693384415064,0.2811999198717949,0.0235734317765567,4.730845928192139,0.5160797834396362,0.427879124879837,,,,-3.132465198568036,0.1121103966176978,0.8564982136913347,0.0127804487179487,1.0,0.8564982136913347,0.9847613324175823,0.4531003151621137,0.5,0.7815269880123119,landscape,5.0,goldenset_v2,1.0,goldenset_v2,2.94,goldenset_v2,2.78,goldenset_v2,5.0,goldenset,1.0,goldenset_v2
3J0A5196.JPG,goldenset_warmstart,878.5916271140894,860.739338519648,,116.53009851476648,0.0005008012820512,0.0448217147435897,5.606598854064941,0.7099350690841675,0.9670676589012146,,,,2.0189082708939803,0.0631854820013104,0.9988655037463612,0.1933461395375457,1.0,0.9988655037463612,0.997733874198718,0.6125817384038652,0.5,0.8524653101899822,landscape,5.0,goldenset_v2,5.0,goldenset_v2,3.97,goldenset_v2,5.0,goldenset_v2,3.0,goldenset,5.0,goldenset_v2
3J0A5328.JPG,goldenset_warmstart,54.43824435010038,136.51233132778265,,120.8700713999542,0.0,7.15430402930403e-05,4.710289001464844,0.6322906613349915,0.9953129291534424,,,,,0.1477016155154296,0.6017552028504136,0.0383810525412087,1.0,0.6017552028504136,0.9999964228479854,0.5097374022006989,0.5,0.8014120043598711,wildlife,5.0,goldenset_v2,5.0,goldenset_v2,3.61,goldenset_v2,5.0,goldenset_v2,3.0,goldenset,2.54,goldenset_v2
3J0A5458.JPG,goldenset_warmstart,472.7587665117376,311.83798596615145,,105.24354252518314,0.0656049679487179,0.6111206501831502,4.397824764251709,0.4497689604759216,0.3949146568775177,,,,-0.180561928829802,0.0345961399492228,1.0,0.1960454584478022,1.0,1.0,0.9661637190934066,0.3961576776845115,0.5,0.7922721632398092,landscape,5.0,goldenset_v2,5.0,goldenset_v2,5.0,goldenset_v2,1.0,goldenset_v2,1.0,goldenset,1.0,goldenset_v2
3J0A5588.JPG,goldenset_warmstart,258.27249309565235,9.126507470177842,,105.95442350618131,0.0002861721611721,0.0417811355311355,4.750698089599609,0.3462928533554077,0.3805286884307861,,,,-4.890402058053849,0.1065940947543121,0.8435641485040464,0.0455174708104395,0.3802711445907434,0.8435641485040464,0.9978966346153846,0.3696248616491045,0.5,0.5892358325509738,event,3.86,goldenset_v2,5.0,goldenset_v2,2.94,goldenset_v2,5.0,goldenset_v2,5.0,goldenset,1.0,goldenset_v2
3J0A5718.JPG,goldenset_warmstart,258.80892141710615,970.5040862220226,,123.97324683779762,0.0188873626373626,0.1063129578754578,5.788134574890137,0.5424231290817261,0.9906107783317566,,,,-1.7899106082460694,0.1292574832833291,0.8841000393333434,0.1638983087225274,1.0,0.8841000393333434,0.9937399839743588,0.5417926056044442,0.5,0.8110161560626515,landscape,5.0,goldenset_v2,5.0,goldenset_v2,5.0,goldenset_v2,5.0,goldenset_v2,3.0,goldenset,3.46,goldenset_v2
3J0A5848.JPG,goldenset_warmstart,236.6267766897158,1214.513223826728,,176.05587511446888,0.0862809065934065,0.0101948832417582,5.254321098327637,0.6365793943405151,0.8248074650764465,,,,,0.1150869318484043,0.617442513297872,0.1726734203296703,1.0,0.617442513297872,0.9951762105082418,0.5507412041936601,0.5,0.7602090458096378,landscape,5.0,goldenset_v2,5.0,goldenset_v2,5.0,goldenset_v2,2.78,goldenset_v2,5.0,goldenset,2.54,goldenset_v2
3J0A5978.JPG,goldenset_warmstart,989.097893479584,1547.8362635141048,,160.74445362580127,0.0003219436813186,0.0055088141025641,4.711588382720947,0.6239498257637024,0.9689390063285828,,,,-2.0247650815610374,0.1338812520787563,0.8717346784504404,0.0335987580128205,1.0,0.8717346784504404,0.999708462110806,0.5056597973619188,0.5,0.800703577452729,landscape,5.0,goldenset_v2,5.0,goldenset_v2,2.94,goldenset_v2,5.0,goldenset_v2,1.0,goldenset,2.54,goldenset_v2
3J0A6108.JPG,goldenset_warmstart,729.4079036409165,1113.7896998636154,,197.72402951865843,0.4293655563186813,0.0067608173076923,4.849243640899658,0.5672974586486816,0.9736360907554626,,,,0.0,0.0782288033100242,1.0,0.0097591861263736,1.0,1.0,0.9781936813186812,0.487166132245745,0.5,0.8174302693251726,landscape,5.0,goldenset_v2,1.0,goldenset_v2,3.97,goldenset_v2,2.78,goldenset_v2,1.0,goldenset,2.54,goldenset_v2
3J0A6238.JPG,goldenset_warmstart,1000.5932583336896,10231.947514334886,,186.58931647779303,1.2272135416666667,0.0069754464285714,4.896481037139893,0.5959320664405823,0.9731470942497252,,,,-2.9927917089254015,0.1291114563824377,0.8248761295057989,0.0447752117673992,1.0,0.8248761295057989,0.938290550595238,0.5048575358731406,0.5,0.7788477199884926,landscape,5.0,goldenset_v2,5.0,goldenset_v2,2.94,goldenset_v2,2.78,goldenset_v2,3.0,goldenset,2.54,goldenset_v2
3J0A6368.JPG,goldenset_warmstart,112.68637695290374,159.48537720350214,,115.9288347069597,20.809437957875456,0.0007869734432234,5.240129470825195,0.5054141283035278,0.6001768112182617,,,,0.0,0.0190323522599153,1.0,0.125457517742674,1.0,1.0,0.4999606513278388,0.4841448834964207,0.5,0.6734085860488179,event,5.0,goldenset_v2,5.0,goldenset_v2,5.0,goldenset_v2,2.78,goldenset_v2,1.0,goldenset,1.0,goldenset_v2
3J0A6498.JPG,goldenset_warmstart,72.33959044157172,169.82537076297123,,137.45864561870422,0.0,0.0309781364468864,4.704843044281006,0.5287449955940247,0.5592640042304993,,,,,0.0071365378980255,0.7,0.2820509243360806,1.0,0.7,0.9984510931776556,0.4575755723885127,0.5,0.7540841117326593,landscape,5.0,goldenset_v2,5.0,goldenset_v2,5.0,goldenset_v2,5.0,goldenset_v2,5.0,goldenset,1.0,goldenset_v2
3J0A6628.JPG,goldenset_warmstart,443.781684262469,2026.9309464812509,,128.61638729109433,0.0113753434065934,0.0003934867216117,5.356548309326172,0.6706098914146423,0.8426408171653748,,,,-4.44410612165269,0.0897289168918697,0.8304620635434978,0.0005319225045787,1.0,0.8304620635434978,0.9994115584935896,0.5750583963734763,0.5,0.8097393235007866,landscape,5.0,goldenset_v2,1.0,goldenset_v2,2.94,goldenset_v2,5.0,goldenset_v2,5.0,goldenset,2.54,goldenset_v2
AB4A4544.JPG,goldenset_warmstart,676.9706734051763,2284.871098517144,,74.20173271927617,1.1232970923316252,1.27732373261347,4.852025985717773,0.4198289811611175,0.707219660282135,,,,0.0,0.1235385698234262,0.7438907657445515,0.1827022613927525,1.0,0.7438907657445515,0.8799689587527453,0.4136306324175426,0.5,0.8388410010324289,stilllife,5.0,goldenset_v2,5.0,goldenset_v2,5.0,goldenset_v2,1.0,goldenset_v2,5.0,goldenset,1.0,goldenset_v2
AB4A4546.JPG,goldenset_warmstart,336.3204639852408,440.9524310356152,,58.87821350544473,3.638124256497072,48.08762467972181,5.384430408477783,0.6283841133117676,0.9693070650100708,,,,3.7904376958865393,0.0818685534745908,0.989008508972995,0.4810135088762811,1.0,0.989008508972995,0.3180937871751463,0.5559370858328683,0.5,0.7790228537773285,stilllife,5.0,goldenset_v2,5.0,goldenset_v2,3.97,goldenset_v2,1.0,goldenset_v2,5.0,goldenset,2.54,goldenset_v2
AB4A4562.JPG,goldenset_warmstart,121.56004036339388,181.7320080366473,,85.35920485221449,0.9889661305819912,0.7045405151903368,4.779598712921143,0.5989254713058472,0.9795929193496704,,,,,0.1434827155002394,0.6265722617632974,0.5058207700402635,1.0,0.6265722617632974,0.9153246677113837,0.4980055008615766,0.5,0.8167031204999139,stilllife,5.0,goldenset_v2,5.0,goldenset_v2,5.0,goldenset_v2,1.0,goldenset_v2,5.0,goldenset,2.54,goldenset_v2
AB4A4574.JPG,goldenset_warmstart,187.5351589981632,277.0354879119271,,87.83279226814147,0.1591024775805271,0.5053675192166911,5.230809688568115,0.6139296293258667,0.7860560417175293,,,,-4.3988060337973955,0.1612808001934658,0.521877645920789,0.3838333867130307,1.0,0.521877645920789,0.9667765001601392,0.5377369352749416,0.5,0.8001442655800186,stilllife,5.0,goldenset_v2,5.0,goldenset_v2,3.97,goldenset_v2,1.0,goldenset_v2,5.0,goldenset,2.54,goldenset_v2
AB4A4581.JPG,goldenset_warmstart,4673.502028832871,7058.114117362603,,128.56549295673958,0.0146913318997071,0.0460042436859443,4.680882453918457,0.7276527881622314,0.7619062662124634,,,,-3.016010266319392,0.1366647313315215,0.6666780509910497,0.0630654911694729,1.0,0.6666780509910497,0.9969652212207174,0.5553179979324341,0.5,0.8520106204991159,stilllife,5.0,goldenset_v2,5.0,goldenset_v2,3.97,goldenset_v2,5.0,goldenset_v2,5.0,goldenset,2.54,goldenset_v2
AB4A4600.JPG,goldenset_warmstart,140.65445198889103,1002.466011023928,,88.52900340581533,0.6107447611639825,4.933892580984627,4.747962951660156,0.8289950489997864,0.836441159248352,,,,-5.714662345536695,0.1626314897403083,0.513932413292304,0.1043191800878477,1.0,0.513932413292304,0.7227681328925696,0.6107805924756187,0.5,0.7404107868346145,stilllife,5.0,goldenset_v2,5.0,goldenset_v2,3.97,goldenset_v2,1.0,goldenset_v2,5.0,goldenset,2.54,goldenset_v2
AB4A4606.JPG,goldenset_warmstart,635.2967157616329,607.8931730601588,,103.99671536134242,2.9821259036420207,0.0006791613286969,5.001973628997803,0.557514488697052,0.8912635445594788,,,,-4.469058585780926,0.1192378520317102,0.769189105695822,0.7217747700860175,1.0,0.769189105695822,0.8508597467514641,0.4931839321340833,0.5,0.8431308650033168,stilllife,5.0,goldenset_v2,5.0,goldenset_v2,3.97,goldenset_v2,2.78,goldenset_v2,5.0,goldenset,2.54,goldenset_v2
AB4A4609.JPG,goldenset_warmstart,122.88282338300208,310.02912665816314,,34.38333831384974,0.8866987326134701,50.29389812866032,4.786397933959961,0.6915878057479858,0.8003458380699158,,,,0.6026743674880699,0.1145933024633591,0.7965099855096519,0.1360628231378111,1.0,0.7965099855096519,0.1556650633693264,0.5448223267282759,0.5,0.680110377831641,stilllife,4.43,goldenset_v2,5.0,goldenset_v2,5.0,goldenset_v2,1.0,goldenset_v2,5.0,goldenset,2.54,goldenset_v2
AB4A4629.JPG,goldenset_warmstart,428.7964713949766,932.3743684459974,,56.663860896321374,0.346729730966325,8.53502041773426,5.1904168128967285,0.5123383402824402,0.574781060218811,,,,0.5604277384775296,0.1607557375685378,0.5249662495968364,0.4129025639412518,1.0,0.5249662495968364,0.5559124925649708,0.4840560853481293,0.5,0.6956708022877001,stilllife,5.0,goldenset_v2,5.0,goldenset_v2,5.0,goldenset_v2,1.0,goldenset_v2,5.0,goldenset,1.0,goldenset_v2
AB4A4641.JPG,goldenset_warmstart,956.146714918568,1692.2732045345365,,54.92883783343247,0.9074667711383602,31.23034006680088,5.253225803375244,0.6477518081665039,0.920245885848999,,,,-7.998990959408769,0.1414178739425203,0.6387183885734098,0.4970785339266105,1.0,0.6387183885734098,0.4546266614430819,0.5562491757529122,0.5,0.708084640720439,stilllife,5.0,goldenset_v2,5.0,goldenset_v2,3.97,goldenset_v2,1.0,goldenset_v2,5.0,goldenset,2.54,goldenset_v2
AB4A4644.JPG,goldenset_warmstart,457.0410352607554,339.08540634152575,,21.35012232052983,0.6426653436127379,54.0784710148243,4.596281051635742,0.5899945497512817,0.4752778708934784,,,,-0.5672664098579344,0.146646124163696,0.6079639755076705,0.3136495699121522,1.0,0.6079639755076705,0.1678667328193631,0.480445921421051,0.5,0.6233781719281944,stilllife,4.43,goldenset_v2,5.0,goldenset_v2,5.0,goldenset_v2,1.0,goldenset_v2,5.0,goldenset,2.54,goldenset_v2
AB4A4672.JPG,goldenset_warmstart,207.99733304064188,927.6204134735628,,79.14886894617038,0.4247260477672034,0.0186948092057101,4.931222915649414,0.7278284430503845,0.96490478515625,,,,7.614711942031021,0.1442175805811337,0.6222495259933309,0.1824588356744143,1.0,0.6222495259933309,0.9778289571513544,0.5732872869287218,0.5,0.8347964614322739,stilllife,5.0,goldenset_v2,5.0,goldenset_v2,3.97,goldenset_v2,2.78,goldenset_v2,5.0,goldenset,2.54,goldenset_v2
AB4A4723.JPG,goldenset_warmstart,497.762672076402,800.8850618816457,,57.5783784344116,0.5933725292825769,1.793379106423865,4.832925319671631,0.5190725922584534,0.9317115545272828,,,,-0.929039319422056,0.1457125352030443,0.6134556752762097,0.5195437608665813,1.0,0.6134556752762097,0.8806624182146779,0.4618881046772003,0.5,0.8022967123703924,stilllife,5.0,goldenset_v2,5.0,goldenset_v2,5.0,goldenset_v2,1.0,goldenset_v2,5.0,goldenset,1.0,goldenset_v2
AB4A4725.JPG,goldenset_warmstart,298.7826882946871,2422.386493413409,,51.24218428292002,0.5386821696559297,0.0273809251464128,4.65342378616333,0.7519389390945435,0.91709965467453,,,,0.0,0.1293096865181381,0.7099430204815401,0.1075058765327598,1.0,0.7099430204815401,0.9716968452598828,0.5654997399875096,0.5,0.8591821044588082,stilllife,5.0,goldenset_v2,5.0,goldenset_v2,5.0,goldenset_v2,2.78,goldenset_v2,5.0,goldenset,2.54,goldenset_v2
AB4A4738.JPG,goldenset_warmstart,874.2389709379897,1520.202145158927,,101.62096828388086,0.1125977992313323,0.0,4.907073020935059,0.6824942231178284,0.4007876515388489,,,,0.0,0.1526069240594383,0.572900446709186,0.5370943619601025,1.0,0.572900446709186,0.9943701100384332,0.5488951844828469,0.5,0.7433436297978085,portrait,5.0,goldenset_v2,5.0,goldenset_v2,5.0,goldenset_v2,2.78,goldenset_v2,5.0,goldenset,2.54,goldenset_v2
AB4A4747.JPG,goldenset_warmstart,619.5802243177237,658.2107255220002,,114.7722318099149,1.2366097982247437,0.166894960193997,5.03641414642334,0.7256340980529785,0.914560616016388,,,,2.0487510621768217,0.1410766497681505,0.6407255895991143,0.901861902909956,1.0,0.6407255895991143,0.929824762079063,0.5797037737710136,0.5,0.8286590560880507,stilllife,5.0,goldenset_v2,5.0,goldenset_v2,2.94,goldenset_v2,2.78,goldenset_v2,5.0,goldenset,2.54,goldenset_v2
AB4A4750.JPG,goldenset_warmstart,738.9670633555132,1569.8787589546776,,60.51811895188964,0.2373132663799414,15.170891288433385,5.264939308166504,0.6962027549743652,0.8008061051368713,,,,-4.024228468272707,0.1481385066293754,0.5991852551213208,0.4335419192670205,1.0,0.5991852551213208,0.4881343366810029,0.5813113280705043,0.5,0.7058547271101722,stilllife,5.0,goldenset_v2,5.0,goldenset_v2,3.97,goldenset_v2,1.0,goldenset_v2,5.0,goldenset,2.54,goldenset_v2
AB4A4769.JPG,goldenset_warmstart,467.117420754737,541.7261294890832,,67.93592255845077,1.9943393690519768,2.218248135523426,4.134927749633789,0.3585490584373474,0.3964905738830566,,,,0.0,0.1455203350030542,0.6145862646879164,0.8482099452095534,1.0,0.6145862646879164,0.7893706247712299,0.3317693684782301,0.5,0.7733070040230938,stilllife,5.0,goldenset_v2,5.0,goldenset_v2,5.0,goldenset_v2,1.0,goldenset_v2,5.0,goldenset,1.0,goldenset_v2
AB4A4782.JPG,goldenset_warmstart,406.1655473291933,672.6093280489902,,99.27680506783034,0.5592714815153734,0.5731764160871157,4.9135422706604,0.5399017333984375,0.9944579601287842,,,,0.9601745666663432,0.0869026590149423,0.9593961234415156,0.0565062225475841,1.0,0.9593961234415156,0.9433776051198756,0.4780610288892473,0.5,0.922566289756886,stilllife,5.0,goldenset_v2,5.0,goldenset_v2,5.0,goldenset_v2,1.0,goldenset_v2,5.0,goldenset,1.0,goldenset_v2
AB4A4816.JPG,goldenset_warmstart,410.8776140358672,2289.456586818028,,93.18381072417183,0.1194251578513909,0.0005361799963396,4.4443864822387695,0.6631439328193665,0.9398013949394226,,,,0.0,0.1236835335998554,0.7430380376479093,0.1621286774798682,1.0,0.7430380376479093,0.9940019331076134,0.5061710008553096,0.5,0.8717204446140416,stilllife,5.0,goldenset_v2,5.0,goldenset_v2,5.0,goldenset_v2,2.78,goldenset_v2,5.0,goldenset,2.54,goldenset_v2
AB4A4829.JPG,goldenset_warmstart,318.9607089072935,336.75400639290734,,63.846414814581806,0.5028653459004393,10.813535184846266,5.2202959060668945,0.6008387804031372,0.9500042796134948,,,,-10.977097664743592,0.0926102203406575,0.9258222332902496,0.5314641145452049,1.0,0.9258222332902496,0.4748567327049781,0.5304405263492039,0.5,0.7979828794807796,stilllife,5.0,goldenset_v2,5.0,goldenset_v2,3.97,goldenset_v2,1.0,goldenset_v2,5.0,goldenset,2.54,goldenset_v2
AB4A4831.JPG,goldenset_warmstart,442.04979223950465,653.0732708969292,,91.41146810372436,0.0369606744143484,22.793655060395317,4.968569278717041,0.7812597155570984,0.3761391341686249,,,,-9.03948280335512,0.1364518208134044,0.6679304658035035,0.2889920816938141,1.0,0.6679304658035035,0.4981519662792826,0.6026705205440521,0.5,0.7300506573380743,stilllife,5.0,goldenset_v2,5.0,goldenset_v2,3.97,goldenset_v2,3.22,goldenset_v2,5.0,goldenset,2.54,goldenset_v2
AB4A4846.JPG,goldenset_warmstart,136.17300273926983,416.8015092741854,,112.54588628408676,0.0225553051793557,0.2195478358345534,4.76270055770874,0.7090312242507935,0.5704618096351624,,,,0.0,0.1382504863380883,0.6573500803641861,0.0521352832174231,1.0,0.6573500803641861,0.9878948429493046,0.5518513662474496,0.5,0.8467713031589544,stilllife,5.0,goldenset_v2,5.0,goldenset_v2,5.0,goldenset_v2,3.22,goldenset_v2,5.0,goldenset,2.54,goldenset_v2
3J0A2874.CR3,goldenset_warmstart,70.31536287656533,81.3475453958927,,119.86900218921704,2.7800194597069594,0.0327667124542124,5.003896713256836,0.3711664080619812,0.8783378601074219,,,,0.0094869533998114,0.090322481437698,0.9392795209547172,0.1718238467261904,1.0,0.9392795209547172,0.8593606913919414,0.4001472549779075,0.5,0.7747427679671225,portrait,5.0,goldenset_v2,5.0,goldenset_v2,5.0,goldenset_v2,2.78,goldenset_v2,5.0,goldenset,1.0,goldenset_v2
3J0A2908.CR3,goldenset_warmstart,275.04096504141717,4496.221463298787,,118.499074948489,0.0090859661172161,0.0048649267399267,4.826481342315674,0.4912467896938324,0.8297339677810669,,,,-0.9655677874009164,0.0681931023393633,1.0,0.0325907165750915,1.0,1.0,0.9993024553571428,0.4475149192980358,0.5,0.8117392208959375,street,5.0,goldenset_v2,5.0,goldenset_v2,3.97,goldenset_v2,5.0,goldenset_v2,5.0,goldenset,1.0,goldenset_v2
3J0A2942.CR3,goldenset_warmstart,806.6832982423765,920.0025953841774,,103.69482028388278,0.0232157165750915,0.1649782509157509,5.210090637207031,0.5474700927734375,0.4799742102622986,,,,2.8912695962205643,0.0861277804849948,0.9639542324412071,0.506203139308608,1.0,0.9639542324412071,0.990590301625458,0.5030272347586495,0.5,0.816211630289198,portrait,5.0,goldenset_v2,5.0,goldenset_v2,3.97,goldenset_v2,5.0,goldenset_v2,5.0,goldenset,1.0,goldenset_v2
3J0A2976.CR3,goldenset_warmstart,491.2901407770404,813.9985880687732,,90.60679480025183,0.0091217376373626,0.1015195741758241,4.780801296234131,0.3761430382728576,0.7074428200721741,,,,8.002431805336741,0.0889373577617042,0.9474273072840927,0.3450781965430403,1.0,0.9474273072840927,0.9944679344093408,0.3867001831531524,0.5,0.8020490666540019,portrait,5.0,goldenset_v2,5.0,goldenset_v2,3.97,goldenset_v2,5.0,goldenset_v2,5.0,goldenset,1.0,goldenset_v2
3J0A3010.CR3,goldenset_warmstart,629.5977440772464,357.0140190516288,,114.4381864554716,0.0132354624542124,0.0210336538461538,4.872989654541016,0.2714402675628662,0.4511131644248962,,,,6.905777644150988,0.0932235943249274,0.6745390017628762,0.1906436011904762,1.0,0.6745390017628762,0.9982865441849816,0.3409336805343628,0.5,0.7197985293231622,street,5.0,goldenset_v2,5.0,goldenset_v2,3.97,goldenset_v2,5.0,goldenset_v2,5.0,goldenset,1.0,goldenset_v2
3J0A3044.CR3,goldenset_warmstart,891.4133737012804,1346.7978301995984,,83.80367445054945,0.0292253319597069,0.0086209363553113,5.270336151123047,0.3124424815177917,0.9079533219337464,,,,0.0,0.03786024660606,1.0,0.2318076779990842,1.0,1.0,0.9981076865842492,0.3898166801248278,0.5,0.8136032053293326,portrait,5.0,goldenset_v2,5.0,goldenset_v2,5.0,goldenset_v2,5.0,goldenset_v2,1.0,goldenset,1.0,goldenset_v2
3J0A3078.CR3,goldenset_warmstart,1017.5215646061616,1929.1532258510024,,77.02256395947802,0.0093005952380952,0.0178499885531135,5.231813430786133,0.3961238265037536,0.8898360133171082,,,,-0.3200848237816687,0.1366892975023966,0.6665335441035489,0.3575660342261905,1.0,0.6665335441035489,0.9986424708104396,0.4289057297366005,0.5,0.7509257759564578,portrait,5.0,goldenset_v2,5.0,goldenset_v2,5.0,goldenset_v2,5.0,goldenset_v2,1.0,goldenset,1.0,goldenset_v2
3J0A3112.CR3,goldenset_warmstart,876.8633711173238,2115.791825633987,,102.19704813415753,0.0075120192307692,0.9572101076007328,5.162250518798828,0.517983078956604,0.8000218868255615,,,,-13.507838875272997,0.1037170312313121,0.8604880515805169,0.4007708762591575,1.0,0.8604880515805169,0.951763893658425,0.4848665765353611,0.5,0.7859370467013245,portrait,5.0,goldenset_v2,5.0,goldenset_v2,3.97,goldenset_v2,3.22,goldenset_v2,1.0,goldenset,1.0,goldenset_v2
3J0A3180.CR3,goldenset_warmstart,425.3400889890144,467.5204436412347,,66.23789670615842,0.482915521978022,0.1645847641941392,5.286872386932373,0.6632624864578247,0.6391654014587402,,,,10.599423716433462,0.0363914834981174,1.0,0.4903552827380952,1.0,1.0,0.967624985691392,0.5664078422955104,0.5,0.8251657813678295,portrait,5.0,goldenset_v2,5.0,goldenset_v2,3.97,goldenset_v2,2.78,goldenset_v2,5.0,goldenset,2.54,goldenset_v2
3J0A3248.CR3,goldenset_warmstart,61.61777840036387,9.441858833061575,,111.20941291781136,2.4920587225274726,0.0116615155677655,5.144176959991455,0.4380975663661957,0.404388278722763,,,,1.1489861891114683,0.175236690804655,0.4397841717373231,0.2640220781822344,0.3147286277687192,0.4397841717373231,0.8748139880952381,0.4436328517539161,0.5,0.5109650740840836,portrait,3.86,goldenset_v2,5.0,goldenset_v2,5.0,goldenset_v2,2.78,goldenset_v2,5.0,goldenset,1.0,goldenset_v2
3J0A3282.CR3,goldenset_warmstart,470.1937570061549,563.6451016138425,,151.63343528216575,0.0085136217948717,0.3685897435897435,5.150108814239502,0.3238563537597656,0.9475587606430054,,,,0.0,0.0616642719065272,1.0,0.3750518687042125,1.0,1.0,0.9811448317307692,0.3869359493255615,0.5,0.80992256127871,portrait,5.0,goldenset_v2,5.0,goldenset_v2,5.0,goldenset_v2,3.22,goldenset_v2,5.0,goldenset,1.0,goldenset_v2
3J0A3316.CR3,goldenset_warmstart,998.6699696024608,1068.03361364086,,112.42305546016485,0.0110533997252747,0.0970123626373626,5.260563850402832,0.5799150466918945,0.3864365220069885,,,,2.465072174117894,0.0676966699465506,0.9720956695529264,0.325421388507326,1.0,0.9720956695529264,0.9945967118818682,0.5228549412318638,0.5,0.8240522115949249,street,5.0,goldenset_v2,5.0,goldenset_v2,3.97,goldenset_v2,5.0,goldenset_v2,5.0,goldenset,2.54,goldenset_v2
3J0A3350.CR3,goldenset_warmstart,1309.827959681846,1511.6153005343438,,84.00511103479853,0.0168483859890109,0.3730969551282051,5.301614761352539,0.52174311876297,0.8199477791786194,,,,1.2868567497737626,0.0818280062113405,0.989247022286232,0.4503155048076923,1.0,0.989247022286232,0.9805027329441393,0.4967011851923806,0.5,0.8186200695653123,portrait,5.0,goldenset_v2,5.0,goldenset_v2,5.0,goldenset_v2,3.22,goldenset_v2,5.0,goldenset,1.0,goldenset_v2
3J0A3384.CR3,goldenset_warmstart,417.94302259547374,394.7548982989635,,133.11923255780678,0.0553385416666666,0.0183507898351648,5.511259078979492,0.5932859182357788,0.9581284523010254,,,,-13.419673615513869,0.061167238943493,1.0,0.4100707560668498,1.0,1.0,0.9963155334249084,0.547447179044996,0.5,0.8290078245894813,portrait,5.0,goldenset_v2,5.0,goldenset_v2,3.97,goldenset_v2,2.78,goldenset_v2,5.0,goldenset,5.0,goldenset_v2
3J0A3418.CR3,goldenset_warmstart,232.3164426880795,272.63339841479814,,94.1460704985119,4.426546760531135,0.5251974587912088,5.046934127807617,0.4522716999053955,0.7036362886428833,,,,-0.7769284901274147,0.0921880580075176,0.9713222164528996,0.3066391941391941,1.0,0.9713222164528996,0.7524127890338828,0.4437740019389561,0.5,0.7556905015820955,street,5.0,goldenset_v2,5.0,goldenset_v2,5.0,goldenset_v2,1.0,goldenset_v2,5.0,goldenset,1.0,goldenset_v2
3J0A3452.CR3,goldenset_warmstart,1116.532396562923,1540.2215472922308,,72.49222792181777,0.2368790064102564,0.0970123626373626,5.229823589324951,0.4735495150089264,0.6710039973258972,,,,6.108462509008713,0.093637268215197,0.9197807752047236,0.384986335279304,1.0,0.9197807752047236,0.9833054315476192,0.4674764424562454,0.5,0.7322105752584759,event,5.0,goldenset_v2,5.0,goldenset_v2,3.97,goldenset_v2,2.78,goldenset_v2,5.0,goldenset,1.0,goldenset_v2
3J0A3486.CR3,goldenset_warmstart,489.3234875499046,601.2947806293855,,101.74229731856686,0.0105525984432234,0.1960637019230769,5.10029411315918,0.4376887381076813,0.6475359201431274,,,,8.890423257363878,0.081249113494701,0.9926522735605822,0.5831841660943223,1.0,0.9926522735605822,0.989669184981685,0.4402939485652106,0.5,0.8154936865649746,portrait,5.0,goldenset_v2,5.0,goldenset_v2,3.97,goldenset_v2,5.0,goldenset_v2,5.0,goldenset,1.0,goldenset_v2
3J0A3520.CR3,goldenset_warmstart,353.2252478792114,366.7684220695908,,124.35367409283424,0.0094794528388278,0.0344122023809523,5.23544454574585,0.4594429135322571,0.648396372795105,,,,-1.6651060581036772,0.0476739162655612,1.0,0.4199873368818681,1.0,1.0,0.997805417239011,0.4608246386051178,0.5,0.820643547308314,portrait,5.0,goldenset_v2,5.0,goldenset_v2,5.0,goldenset_v2,5.0,goldenset_v2,5.0,goldenset,1.0,goldenset_v2
3J0A3555.CR3,goldenset_warmstart,253.8025293705144,695.2906822390268,,163.9166294642857,0.0006081158424908,0.0345910599816849,5.545960903167725,0.4178037643432617,0.6653639674186707,,,,,0.0869991172479655,0.9588287220707908,0.3484714829441392,1.0,0.9588287220707908,0.9982400412087912,0.4621848038264683,0.5,0.8126322330385632,portrait,5.0,goldenset_v2,5.0,goldenset_v2,5.0,goldenset_v2,5.0,goldenset_v2,5.0,goldenset,3.46,goldenset_v2
3J0A3589.CR3,goldenset_warmstart,17.4422475954905,1031.7583073600265,,154.1931336567079,0.0,0.0068681318681318,4.659667015075684,0.525550901889801,0.995322048664093,,,,,0.1207479696650178,0.7603060607940126,0.0116869133470695,1.0,0.7603060607940126,0.9996565934065934,0.4527516663074493,0.5,0.8353001708402371,wildlife,5.0,goldenset_v2,1.0,goldenset_v2,3.61,goldenset_v2,5.0,goldenset_v2,1.0,goldenset,1.0,goldenset_v2
3J0A3623.CR3,goldenset_warmstart,22.63841324429268,833.9943767846054,,148.26919642857143,0.0,0.0006796588827838,4.517006874084473,0.5553716421127319,0.9580132365226746,,,,,0.1314330612034057,0.6974525811564369,0.0189868074633699,1.0,0.6974525811564369,0.9999660170558607,0.457472026348114,0.5,0.8201052504822998,wildlife,5.0,goldenset_v2,1.0,goldenset_v2,3.61,goldenset_v2,5.0,goldenset_v2,5.0,goldenset,2.54,goldenset_v2
3J0A3657.CR3,goldenset_warmstart,244.7378628669994,181.5062713745778,,123.09138657566392,0.0028617216117216,0.3459463713369963,5.131340026855469,0.500655472278595,0.9936671853065492,,,,,0.0893756204508576,0.9448492914655432,0.547491701007326,1.0,0.9448492914655432,0.982559595352564,0.4739948809146881,0.5,0.8078812654550903,portrait,5.0,goldenset_v2,5.0,goldenset_v2,5.0,goldenset_v2,3.22,goldenset_v2,5.0,goldenset,1.0,goldenset_v2
3J0A3691.CR3,goldenset_warmstart,301.16220844153463,299.09560593306657,,105.78120564331502,0.0033625228937728,1.4356184180402929,5.404978275299072,0.3950011134147644,0.7654390931129456,,,,8.604481593092656,0.0865433269200078,0.9615098416470126,0.2665940504807692,1.0,0.9615098416470126,0.9280509529532968,0.4407132906573159,0.5,0.7969834879857934,portrait,5.0,goldenset_v2,5.0,goldenset_v2,3.97,goldenset_v2,3.22,goldenset_v2,1.0,goldenset,1.0,goldenset_v2
3J0A3725.CR3,goldenset_warmstart,212.04419385373393,282.25420523801756,,103.39542518028846,0.0144874656593406,0.1825778388278388,5.449417591094971,0.5945773124694824,0.8302765488624573,,,,,0.1278069615079009,0.7187825793652887,0.2170812585851648,1.0,0.7187825793652887,0.990146734775641,0.5436756270272392,0.5,0.7711534255309098,portrait,5.0,goldenset_v2,5.0,goldenset_v2,5.0,goldenset_v2,5.0,goldenset_v2,1.0,goldenset,2.54,goldenset_v2
3J0A3759.CR3,goldenset_warmstart,234.65191296669775,511.3591802220105,,104.92922390109892,0.2333733974358974,0.0904661744505494,5.406931400299072,0.5504578351974487,0.8959901332855225,,,,2.4059705166453,0.1049560178865448,0.8531998947850301,0.387310053228022,1.0,0.8531998947850301,0.9838080214056776,0.5185811604772295,0.5,0.7942596992858645,portrait,5.0,goldenset_v2,5.0,goldenset_v2,3.97,goldenset_v2,2.78,goldenset_v2,1.0,goldenset,2.54,goldenset_v2
3J0A3793.CR3,goldenset_warmstart,727.782119051188,827.0489341022757,,119.5361088455815,0.0060453869047619,0.1788933722527472,5.0170512199401855,0.5334023237228394,0.7984592914581299,,,,3.122130462115708,0.036805125920969,1.0,0.2796209649725275,1.0,1.0,0.9907530620421244,0.4822048204285758,0.5,0.8213710944512825,portrait,5.0,goldenset_v2,5.0,goldenset_v2,3.97,goldenset_v2,5.0,goldenset_v2,3.0,goldenset,1.0,goldenset_v2
3J0A3827.CR3,goldenset_warmstart,1494.9102170013666,3345.075729216954,,96.39048262934982,0.0236807463369963,0.1417625343406593,5.412722587585449,0.5555449724197388,0.9335882663726808,,,,-0.3283416773455291,0.0985084834339181,0.8911265680357757,0.170707775297619,1.0,0.8911265680357757,0.9917278359661172,0.5215383853231157,0.5,0.8037247193326902,portrait,5.0,goldenset_v2,5.0,goldenset_v2,5.0,goldenset_v2,5.0,goldenset_v2,3.0,goldenset,2.54,goldenset_v2
3J0A3861.CR3,goldenset_warmstart,969.6651464472492,1440.060321895772,,88.05391233115843,0.0043641254578754,0.231835222069597,5.314001083374023,0.4700080752372741,0.3338135480880737,,,,3.4336303624505224,0.0537024360040704,0.9139821782529688,0.2426657652243589,1.0,0.9139821782529688,0.9881900326236264,0.4717184007167816,0.5,0.7983640423545144,street,5.0,goldenset_v2,5.0,goldenset_v2,3.97,goldenset_v2,3.22,goldenset_v2,3.0,goldenset,1.0,goldenset_v2
